Latijnse naam,Nederlandse naam,Voorkomen,Stuifmeelkleur,Nectarwaarde,Pollenwaarde,SB,EB
Abelia schumannii,Abelia,struik,?,N 3,P 0,8,9
Abutilon x hybridum,Chinese lantaarn,kuipplant/struik,?,N 4,P 0,5,10
Acacia,Acacia,boom,-,N -,P -,-,-
Acanthus mollis,Zachte acanthus,vast,?,N 0,P 0,7,9
Acer campestre,Spaanse aak / Veldesdoorn,boom/struik,Geel/geelachtig,N 5,P 5,5,6
Acer capillipes,Slangenesdoorn,boom/struik,Geel/geelachtig,N 5,P 5,5,5
Acer cappadocicum,Colchische esdoorn,boom,Geel/geelachtig,N 5,P 5,5,5
Acer cissifolium,Cissusbladige esdoorn,boom/struik,Geel/geelachtig,N 5,P 5,5,5
Acer griseum,Dwergesdoorn,boom/struik,Geel/geelachtig,N 5,P 5,5,5
Acer macrophyllum,Esdoorn,boom,Geel/geelachtig,N 5,P 5,4,4
Acer monspessulanum,Montpellier esdoorn,boom/struik,Geel/geelachtig,N 5,P 5,4,5
Acer negundo,Vederesdoorn,boom/struik,Geel/geelachtig,N 1,P 1,3,4
Acer opalus,Italiaanse esdoorn,boom,Geel/geelachtig,N 5,P 5,4,4
Acer palmatum,Japanse esdoorn,struik,Geel/geelachtig,N 1,P 1,5,5
Acer pensylvanicum,Esdoorn,struik,Geel/geelachtig,N 5,P 5,5,5
Acer platanoides,Noorse esdoorn,boom,Geel/geelachtig,N 5,P 5,4,5
Acer pseudoplatanus,Gewone esdoorn / Bergesdoorn,boom,Geel/geelachtig,N 5,P 5,4,5
Acer rubrum,Rode esdoorn,boom,Geel/geelachtig,N 5,P 5,3,4
Acer saccharinum,Zilver- of Witte esdoorn,boom,Geel/geelachtig,N 5,P 5,3,3
Acer saccharum,Suikeresdoorn,boom,Geel/geelachtig,N 5,P 5,4,4
Acer spicatum,Esdoorn,struik,Geel/geelachtig,N 5,P 5,6,6
Acer tataricum subsp.ginnala,Esdoorn,struik,Geel/geelachtig,N 5,P 5,5,6
Achillea filipendulina,Geel duizendblad,vast,?,N 1,P 1,6,8
Achillea millefolium,Gewoon duizendblad,vast,?,N 1,P 1,6,10
Achyranthes aspera var. Sicula,Amarant,1-jarig,?,N 4,P 0,7,9
Aconitum napellus,Blauwe monnikskap,vast,?,N 0,P 0,6,8
Aconitum vulparia,Gele monnikskap,vast,?,N 1,P 1,6,8
Adoxa moschatellina,Muskuskruid,vast,?,N 1,P 0,4,5
Adonis aestivalis,Zomeradonis,1-jarig,?,N 0,P 1,5,7
Aegopodium podagraria,Zevenblad,vast,?,N 3,P 3,6,7
Aesculus flava,Amerikaanse kastanje,boom,Rood,N 5,P 5,5,6
Aesculus glabra,Gladde pavia,boom,Rood,N 5,P 5,5,6
Aesculus hippocastanum,Witte paardenkastanje,boom,Rood,N 5,P 5,5,6
Aesculus parviflora,Kleinbloemige kastanje,struik,?,N 4,P 4,7,8
Aesculus x carnea,Rode paardenkastanje,boom,Rood,N 5,P 5,5,6
Agapanthus campanulatus,Agapanthus,kuipplant,?,N 3,P 0,7,8
Agastache foeniculum,Dropplant,vast/1-jarig,?,N 2,P 2,7,9
Agastache pringlei,Dropplant,vast,?,N 2,P 2,8,10
Agastache rugosa,Dropplant,vast,?,N 2,P 2,7,9
Agastache scrophulariifolia,Dropplant / Reuzenhyssop,vast,?,N 3,P 3,7,9
Ailanthus altissima,Hemelboom,boom,?,N 5,P 5,6,7
Ajuga pyrimidalis,Piramidezenegroen,vast,?,N 1,P 0,5,6
Ajuga reptans,Kruipend zenegroen,vast,?,N 3,P 3,4,6
Alisma lanceolatum,Slanke waterweegbree,water/moeraspl.,?,N 2,P 2,7,9
Alisma plantago-aquatica,Grote waterweegbree,water/moeraspl.,?,N 1,P 1,7,9
Alliaria petiolata,Look zonder look,2-jarig,?,N 3,P 3,4,6
Allium cepa,Ui,bol,?,N 5,P 5,7,8
Allium cernuum,Look,bol,?,N 1,P 0,6,7
Allium fistulosum,Grof bieslook / Pijplook,bol,?,N 2,P 2,6,9
Allium giganteum,Reuzenlook,bol,?,N 4,P 4,6,7
Allium molly,Goudvinkje,bol,?,N 3,P 3,5,6
Allium oleraceum,Moeslook,bol,?,N 1,P 1,6,8
Allium porrum,Prei,bol,?,N 3,P 3,6,8
Allium schoenoprasum,Bieslook,bol,?,N 3,P 0,5,7
Allium scorodoprasum,Slangenlook,bol,?,N 3,P 3,6,7
Allium senescens,-,bol,?,N 5,P 5,6,9
Allium tuberosum,Chinese bieslook / Knoflookbieslook,bol,?,N 3,P 0,8,9
Allium ursinum,Daslook,bol,?,N 2,P 2,4,5
Alnus glutinosa,Zwarte els,boom,Geel,N 0,P 1,2,3
Aloysia triphilla,Citroenverbena,kuip/vast,?,N 1,P 0,8,9
Althaea americana,Heemst,vast,purperrood,N 1,P 1,6,9
Althaea officinalis,Echte heemst,vast,?,N 3,P 3,7,9
Althaea rosea,Stokroos,vast,wit/witachtig,N 3,P 3,6,9
Alyssum montanum,Bergschildzaad,vast,?,N 1,P 1,6,7
Alyssum repens,Liggend schildzaad,vast,?,N 4,P 4,4,5
Amelanchier lamarckii,Amerikaans krentenboompje,struik,?,N 2,P 2,4,5
Ammobium alatum,Ammobium,1-jarig,?,N 0,P 1,6,9
Amni majus,Groot akkerscherm,1-jarig,?,N 1,P 0,6,7
Amni visnaga,Fijn akkerscherm,1-jarig,?,N 1,P 0,6,7
Amorpha fruticosa,Indigobloem,struik,geel,N 3,P 3,6,8
Ampelopsis aconitifolia,Wingerd,klimpl.hout,?,N 3,P 0,8,9
Amsinckia menziesii,Amsinckia,1-jarig,?,N 1,P 1,5,7
Anchusa arvensis,Kromhals,1-jarig,?,N 1,P 1,5,10
Anchusa azurea,Ossentong,2-jarig / vast,?,N 3,P 3,6,7
Anchusa officinalis,Gewone ossentong,2-jarig,?,N 3,P 3,5,9
Anemone apennina,Blauwe anemoon,vast/knol,?,N 0,P 1,3,4
Anemone blanda,Oosterse anemoon,vast/knol,?,N 0,P 1,3,4
Anemone coronaria,Tuinanemoon,knol,?,N 0,P 1,3,5
Anemone hupensis,Herfstanemoon,knol,geel,N 0,P 4,8,10
Anemone japonica (hybride),Japanse anemoon,vast,Geel,N 0,P 2,8,10
Anemone nemorosa,Bosanemoon,vast,lichtgeel,N 0,P 2,3,5
Anemone ranunculoides,Gele anemoon,vast,lichtgeel,N 0,P 1,3,5
Anemone sylvestris,-,vast,?,N 0,P 1,4,5
Anethum graveolens,Dille,1-jarig,?,N 3,P 3,7,9
Angelica archangelica,Grote engelwortel,2-3-jarig,?,N 3,P 3,6,7
Angelica sylvestris,Gewone engelwortel,2-3-jarig,?,N 3,P 3,7,9
Anisodontea capensis,Kaapse malva,Kuipplant,wit,N 5,P 5,6,9
Anoda cristata,Straalvrucht,1-jarig,?,N 1,P 0,7,10
Anthemis tinctoria,Gele kamille,vast,?,N 1,P 1,6,9
Anthericum liliago,Grote graslelie,bol,?,N 3,P 3,5,6
Anthriscus caucalis,Fijne kervel,1-jarig,vuilwit-crèmeachtig,N 1,P 1,5,6
Anthriscus cerefolium,Kervel,1-jarig,vuilwit-crèmeachtig,N 1,P 1,5,6
Anthriscus sylvestris,Fluitenkruid,vast,vuilwit-crèmeachtig,N 2,P 2,5,6
Anthyllis barba-jovis,Witte struikwondklaver,struik,?,N 1,P 0,6,7
Anthyllis vulneraria,Wondklaver,vast,?,N 1,P 1,5,6
Aquilegia vulgaris,Wilde akelei,vast,?,N 0,P 3,5,7
Arabis blepharophylla,Randjesbloem / Rijstebrij,vast,?,N 1,P 1,3,5
Arabis caucasica,Randjesbloem / Rijstebrij / Kaukasische scheefkelk,vast,geel-groenig,N 3,P 3,3,4
Arabis hirsuta ssp. hirsuta,Ruige scheefkelk,2-jarig,?,N 1,P 1,5,6
Arabis hirsuta ssp. sagittata,Pijlscheefkelk,2-jarig,?,N 1,P 1,5,6
Arabis procurrens,Arabis,vast,?,N 3,P 3,2,5
Aralia california,Aralia,struik,?,N 1,P 1,6,8
Aralia elata (japonica),Aralia,struik,?,N 3,P 3,8,9
Arctium lappa,Grote klit,2-jarig,?,N 3,P 3,7,8
Arctium minus,Gewone klit,2-jarig,?,N 3,P 3,7,9
Arenaria montana,Zandmuur / Bergzandmuur,vast,?,N 1,P 0,6,6
Argemone grandiflora,stekelpapaver,1-jarig,?,N 3,P 0,6,9
Armeria maritima,Engels gras,vast,?,N 1,P 1,5,9
Arnebia pulchra,Profetenbloem,vast,?,N 1,P 0,6,8
Arnica montana,Valkruid,vast,?,N 1,P 0,6,7
Artemisia dracunculus,Dragon,vast,?,N 0,P 1,7,9
Aruncus dioicus,Geitenbaard,vast,witachtig,N 5,P 5,6,7
Asclepias curassavica,Rode zijdeplant,vast,?,N 3,P 3,7,9
Asclepias incarnata,Zijdeplant,vast,?,N 3,P 0,7,9
Asclepias rubra,Rode zijdeplant,vast,?,N 3,P 0,6,7
Asclepias syriaca,Zijdeplant,vast,?,N 3,P 0,6,8
Asclepias tuberosa,Knolzijdeplant,vast,?,N 3,P 0,7,9
Asparagus officinalis ssp. officinalis,Tuinasperge / Asperge,vast,oranje,N 4,P 4,5,7
Asparagus officinalis ssp. prostratus,Liggende asperge,vast,oranje,N 3,P 3,5,6
Asphodeline lutea,Gele affodil,vast,?,N 1,P 0,5,6
Aster ageratoides,Herfstaster,vast,?,N 5,P 5,8,10
Aster amellus,Bergaster / Italiaanse aster,vast,?,N 3,P 3,7,10
Aster azureus,Hemelaster,vast,geel.geel-oranje,N 2,P 2,7,10
Aster lanceolatus,Smalle aster,vast,?,N 3,P 3,8,10
Aster sedifolius,Aster,vast,geel.geel-oranje,N 2,P 2,8,9
Aster shortii,Aster / Short's aster,vast,geel.geel-oranje,N 2,P 2,9,10
Aster tradescantii,Kleine aster,vast,geel.geel-oranje,N 2,P 2,8,10
Aster tripolium,Zulte,2-jarig / vast,oranjegeel,N 5,P 5,6,9
Astilbe chinensis (var. Pumila),Astilbe / Pluimspirea,vast,roze,N 2,P 2,7,10
Astilbe japonica,Astilbe / Pluimspirea,vast,?,N 2,P 2,5,6
Astilbe rivularis,-,vast,?,N 2,P 2,7,7
Astrantia major,Zeeuws knoopje / Groot sterrenscherm,vast,?,N 2,P 2,6,7
Atropa bella-donna,Wolfskers,vast,?,N 1,P 0,6,8
Aubrietia deltoidea,Aubrietia,vast,?,N 3,P 0,4,6
Aucuba japonica,Aucuba,struik,?,N 1,P 1,4,4
Ballota nigra ssp. foetida,Stinkende ballote,vast,?,N 3,P 3,6,9
Baptisia australis,Wilde indigo / Valse indigo / Indigolupine,vast,?,N 3,P 3,6,7
Barbarea vulgaris,Gewoon barbarakruid,2-jarig,?,N 1,P 1,4,6
Begonia semperflorens hybr.,Begonia,1-jarig,geel,N 3,P 3,5,9
Bellis perennis,Madeliefje,vast,?,N 1,P 1,4,9
Berberis aquifolium / Mahonia aquifolium,Mahonie,struik,citroengeel,N 5,P 5,4,5
Berberis bealei / Mahonia bealei,Mahonie,struik,citroengeel,N 4,P 4,3,4
Berberis japonica / Mahonia japonica,Mahonie,struik,citroengeel,N 4,P 4,1,4
Berberis julianae,Zuurbes,struik,?,N 5,P 5,5,5
Berberis thunbergii,Zuurbes,struik,?,N 5,P 5,5,6
Berberis vulgaris,Zuurbes,struik,?,N 5,P 5,5,6
Bergenia cordifolia,Schoenlappersplant,vast,?,N 3,P 3,4,5
Bergenia purpurascens,Schoenlappersplant,vast,?,N 3,P 3,4,5
Berteroa incana,Grijskruid,1-jarig,?,N 3,P 3,6,9
Betula pendula,Ruwe berk,boom,geel,N 0,P 1,4,5
Bidens aurea,Tandzaad,1-jarig,?,N 3,P 3,8,9
Bidens ferulifolia,Eenjarig tandzaad,1-jarig,?,N 3,P 3,6,10
Bidens pilosa,Tandzaad,1-jarig,?,N 2,P 2,6,7
Boisduvalia densiflora,-,1-jarig,?,N 1,P 1,7,9
Borago officinalis,Bernagie / Komkommerkruid,1-jarig,lichtgeel / witachtig,N 5,P 5,6,9
Borago pygmaea,Kleine Bernagie,1-jarig / vast,?,N 3,P 3,7,9
Brachyscome iberidifolia,Brachyscome,1-jarig,?,N 1,P 1,6,9
Brassica napus ssp.oleofera,Nootzoetraapzaad,1-jarig,?,N 5,P 5,5,10
Brassica napus,Koolzaad,2-jarig,Geel,N 5,P 5,4,8
Brassica nigra,Zwarte mosterd,1-jarig,Geel,N 5,P 5,6,9
Brassica oleracea,Kool,1-jarig,Geel,N 5,P 5,5,9
Brassica rapa,Raapzaad,2-jarig,Geel,N 5,P 5,4,8
Brugmansia arborea,Engelentrompet,kuipplant,?,N 0,P 1,7,9
Brunnera macrophylla,Brunerra,vast,?,N 3,P 0,4,5
Bryonia dioica (Bryonia cretica),Heggenrank,vast/klimplant,Oranjegeel,N 3,P 3,6,9
Buddleja albiflora,Vlinderstruik / Herfstsering,struik,?,N 1,P 0,7,9
Buddleja alternifolia,Vlinderstruik / Herfstsering,struik,?,N 3,P 0,6,6
Buddleja crispa,Vlinderstruik / Herfstsering,struik,?,N 1,P 0,5,6
Buddleja davidii,Vlinderstruik / Herfstsering,struik,?,N 2,P 0,7,10
Buddleja globosa,Vlinderstruik / Herfstsering,struik,?,N 5,P 0,6,7
Buddleja x weyeriana,Vlinderstruik / Herfstsering,struik,?,N 3,P 0,7,9
Bunias orientalis,Grote hardvrucht,2-jarig,?,N 1,P 1,5,6
Buphthalmum salicifolium,Koeieoog,vast,?,N 3,P 3,6,9
Butomus umbellatus,Zwanenbloem,water-/moerasplant,Geel-oranje,N 3,P 3,6,9
Buxus sempervirens,Palmboompje / buksboom,struik,Geel,N 5,P 5,3,4
Caiophora lateritea,-,vast/1-jarig,?,N 3,P 0,7,9
Cakile maritima,Zeeraket,1-jarig,?,N 1,P 1,6,10
Calendula officinalis,Goudsbloem / Tuingoudsbloem,1-jarig,oranje,N 3,P 3,5,10
Callicarpa bodinieri,Bezemstruik,struik,?,N 4,P 4,6,7
Callicarpa japonica,Bezemstruik,struik,?,N 4,P 4,7,7
Callistephus chinensis,Zomeraster / Reinmargriet / Chinese aster,1-jarig,geel,N 3,P 3,7,8
Calluna vulgaris,Struikheide / Bezemheide,dwergstruik,Grijsbruin,N 5,P 5,7,9
Caltha palustris ssp. araneosa,Spindotterbloem,vast/moeras,?,N 3,P 3,4,5
Caltha palustris ssp. palustris,Gewone dotterbloem,vast,?,N 3,P 3,4,5
Camelina sativa,Huttentut,1-jarig,?,N 5,P 0,5,6
Campanula carpatica,Karpatenklokje,vast,wit/witachtig,N 3,P 3,6,9
Campanula cochleariifolia,Zodeklokje,vast,wit/witachtig,N 3,P 3,6,7
Campanula fenestrellata,-,vast,lichtblauw,N 1,P 1,6,8
Campanula glomerata,Kluwenklokje,vast,wit/witachtig,N 3,P 3,6,10
Campanula lactiflora,Celtisbladklokje,vast,wit/witachtig,N 3,P 3,6,8
Campanula latifolia,Breedbladig klokje,vast,wit/witachtig,N 3,P 3,6,7
Campanula media,Mariëtteklokje,2-jarig,lichtgeel,N 3,P 3,5,7
Campanula patula,Weideklokje,vast,wit/witachtig,N 3,P 3,5,7
Campanula persicifolia,Prachtklokje,vast,wit/witachtig,N 3,P 3,5,8
Campanula portenschlagiana,Klokje,vast,wit/witachtig,N 3,P 3,6,8
Campanula poscharskyana,Kruipklokje / Servisch klokje / Poscharsky's klokje,vast,wit/witachtig,N 3,P 3,6,9
Campanula rapunculoides,Akkerklokje,vast,wit/witachtig,N 3,P 3,6,8
Campanula rapunculus,Rapunzelklokje,2-jarig,wit/witachtig,N 3,P 3,5,9
Campanula rotundifolia,Grasklokje,vast,wit/witachtig,N 3,P 3,6,10
Campanula trachelium,Ruig klokje,vast,wit/witachtig,N 4,P 4,7,8
Campsis radicans,Trompetbloem,klimplant,?,N 3,P 3,7,8
Campsis tagliabuana,Trompetbloem (cultivar),klimplant,?,N 3,P 3,7,8
Canna indica (hybride),Bloemriet,vast,?,N 1,P 0,6,10
Cannabis sativa,Hennep,1-jarig,?,N 0,P 1,7,9
Capsella bursa-pastoris,Gewoon herderstasje,1-jarig,?,N 3,P 3,3,12
Caragana arborescens,Erwtenstruik,struik,?,N 3,P 0,5,6
Cardamine flexuosa,Bosveldkers,1-jarig,?,N 1,P 1,4,8
Cardamine pratensis,Pinksterbloem,vast,?,N 3,P 3,4,6
Carduus acanthoides,Langstekelige distel,2-jarig,?,N 3,P 3,6,9
Carduus crispus,Kruldistel,2-jarig,?,N 3,P 3,7,9
Carduus nutans,Knikkende distel,2-jarig,?,N 1,P 0,7,8
Carlina acaulis,Driedistel / Zilverdistel,vast,?,N 1,P 0,7,10
Carum carvi,Karwij,2-jarig,?,N 5,P 5,5,6
Carthamus tinctorius,Saffloer,1-jarig,?,N 1,P 1,7,8
Caryopteris clandonensis,Blauwbaard / Blauwe spirea,struik,?,N 5,P 0,9,10
Caryopteris incana,Blauwbaard / Blauwe spirea,struik,?,N 5,P 0,8,9
Castanea sativa,Tamme kastanje,boom,Geelachtig,N 5,P 5,6,6
Catalpa bignonioides,Trompetboom,boom,wit,N 0,P 3,6,7
Ceanothus americanus,Amerikaanse sering,struik,?,N 4,P 0,7,9
Ceanothus caeruleus,-,struik,?,N 4,P 0,7,9
Ceanothus thyrsiflorus cv. Repens,Kruipende herfstsering,struik/dwergstr.,?,N 5,P 0,4,8
Ceanothus x delilianus,-,struik,?,N 4,P 0,8,9
Ceanothus x pallidus,-,struik,?,N 4,P 0,8,9
Celastrus orbiculatus,Boomwurger,klimplant,?,N 4,P 4,6,7
Celastrus scandens,Boomwurger,klimplant,?,N 4,P 4,4,5
Centaurea cyanus,Korenbloem,1-jarig,Wit,N 5,P 5,6,8
Centaurea dealbata,Perzische korenbloem,vast,?,N 1,P 0,7,8
Centaurea jacea,Gewoon Knoopkruid,vast,Grijsachtigwit,N 3,P 3,6,9
Centaurea montana,Bergcentaurie,vast,?,N 3,P 3,5,9
Centaurea pulcherrima,?,1-jarig,?,N 1,P 0,7,8
Centaurea scabiosa,Grote centaurie,vast,wit,N 3,P 3,6,8
Cephalanthus occidentalis,Kogelbloem,struik,?,N 4,P 0,7,8
Cephalaria gigantea,Reuzenscabiosa,vast,?,N 4,P 0,6,9
Ceratocapnos claviculata / Corydalis claviculata,Rankende helmbloem,1-jarig,?,N 1,P 1,5,10
Cercis canadensis,Amerikaanse judasboom,struik/boom,?,N 4,P 0,4,5
Cercis siliquastrum,Judasboom,struik,?,N 3,P 0,4,5
Cestrum elegans,Cestrum,kuipplant,?,N 1,P 0,6,8
Chaenomeles japonica,Japanse sierkwee / Dwergkwee / Dwergkweepeer / Japanse kweepeer,struik,?,N 5,P 5,3,4
Chaenorhinum minus,Kleine leeuwenbek,1-jarig,?,N 1,P 0,6,9
Chaenorhinum origanifolium,marjoleinbekje,vast,?,N 1,P 0,5,8
Chaerophyllum bulbosum,Knolribzaad,2-jarig,?,N 1,P 1,6,7
Chaerophyllum temulum,Dolle kervel,2-jarig,?,N 1,P 1,5,8
Chamerion angustifolium,Wilgenroosje,vast,Blauwgrijs,N 5,P 5,7,9
Chelidonium majus,Stinkende gouwe,2-jarig,geel,N 0,P 3,5,10
Chelone obliqua,(Rode) Schildpadbloem,vast,?,N 0,P 1,7,9
Choisya ternata,Mexicaanse oranjebloesem,kuipplant,?,N 1,P 1,5,9
Chrysanthemum carinatum,Bonte ganzebloem,1-jarig,?,N 1,P 1,6,8
Chrysanthemum segetum,Gele ganzebloem,1-jarig,geel,N 3,P 3,6,9
Chrysogonum virginianum,Gouden ster,vast,?,N 0,P 1,6,9
Chrysopsis mariana,Gouden aster,vast,?,N 1,P 1,7,8
Cichorium endivia,Andijvie,1-jarig,?,N 1,P 1,7,8
Cichorium intybus,Wilde cichorei,vast,Wit,N 3,P 3,7,9
Cimicifuga racemosa,Zilverkaars,vast,?,N 0,P 3,7,9
Circaea lutetiana,Groot heksenkruid,vast,?,N 1,P 1,6,9
Cirsium arvense,Akkerdistel / Boerenplaag,vast,wit,N 5,P 5,6,9
Cirsium dissectum,Spaanse ruiter,vast,?,N 1,P 1,6,7
Cirsium oleraceum,Moesdistel,vast,?,N 1,P 1,6,9
Cirsium palustre,Kale jonker,2-jarig,?,N 3,P 3,6,9
Cirsium rivulare,Oeverdistel,vast,?,N 0,P 0,6,9
Cirsium vulgare,Speerdistel,2-jarig,?,N 1,P 1,7,8
Cistus albidus,Cistusroos / rotsroos,struik,?,N 0,P 4,6,9
Cistus incanus,Cistusroos / rotsroos,struik,?,N 0,P 1,6,8
Cistus psilosepalus,Cistusroos / rotsroos,struik,oranjegeel,N 0,P 4,6,8
Citrus sinensis,Citroen,struik,?,N 3,P 0,4,5
Cladastris kentukea / Cladastris lutea,Geelhout,boom,?,N 3,P 0,5,6
Claucium flavum,Hoornpapaver,1-jarig/vast,?,N 0,P 1,6,8
Clarkia amoena,Zomerazalia,1-jarig,?,N 1,P 1,6,8
Claytonia siberica,Roze winterpostelein,1-jarig,?,N 2,P 2,5,8
Cleome spinosa,Kattensnor,1-jarig,?,N 1,P 1,7,9
Clematis alpina,-,klimpl.(hout.),?,N 0,P 1,4,6
Clematis integrifolia,-,vast,?,N 0,P 4,7,8
Clematis montana,-,klimpl.(hout.),?,N 0,P 1,5,6
Clematis recta,-,vast,?,N 0,P 1,6,8
Clematis tangutica,-,klimpl.(hout.),?,N 0,P 1,8,9
Clematis vitalba,Bosrank,klimpl.hout.,wit,N 0,P 3,6,8
Clematis x jouiniana,-,klimpl.hout.,?,N 0,P 1,6,9
Clethra alnifolia,Schijnels,struik,?,N 2,P 0,8,9
Clethra monostachya,Schijnels,struik,?,N 2,P 0,6,7
Clinopodium acinos,Kleine steentijm,1-jarig,?,N 1,P 1,6,9
Clinopodium calamintha,Kleine bergsteentijm,vast,?,N 4,P 4,6,9
Clinopodium vulgare,Borstelkrans,vast,?,N 3,P 3,7,9
Cochlearia officinalis ssp. off,Echt lepelblad,2-jarig,?,N 3,P 3,5,6
Codonopsis ovata,-,vast,?,N 5,P 0,6,7
Coincya monensis ssp. recurvata,Muurbloemmosterd,2-jarig,?,N 3,P 3,6,10
Colchicum autumnale,Herfsttijloos,knol,?,N 3,P 3,9,10
Collinsia grandiflora,-,vast,?,N 1,P 1,5,9
Colutea arborescens,Europese blazenstruik,struik,?,N 3,P 3,6,7
Commelina coelestis / Commelina tuberosa,Kleinbloemige eendagsbloem / Spinkruid,vast / knol,?,N 1,P 1,7,10
Coniferae,Coniferen,divers,?,divers,divers,-,-
Consolida ajacis,Valse ridderspoor,1-jarig,?,N 1,P 0,6,8
Consolida regalis,Wilde riderspoor,1-jarig,?,N 1,P 0,6,8
Convallaria majalis,Lelietje-van-dalen,vast,?,N 2,P 2,5,6
Convolvulus arvensis,Akkerwinde,vast,wit,N 3,P 3,6,9
Convolvus sepium (Calystegia sepium),Haagwinde,vast,wit,N 3,P 3,6,9
Convolvus soldanella (Calystegia soldanella),Zeewinde,vast,?,N 1,P 1,5,8
Coreopsis grandiflora,Meisjesogen,vast,?,N 3,P 3,7,8
Coreopsis lanceolata,Meisjesogen,vast,?,N 3,P 3,6,8
Coreopsis verticillata,Meisjesogen,vast,?,N 3,P 3,6,9
Cornus alba,Witte kornoelje,struik,Geel,N 1,P 1,4,5
Cornus controversa,Reuzenkornoelje,struik,Vuilgeel,N 5,P 5,6,7
Cornus mas,Gele kornoelje,boom/struik,Geel,N 4,P 4,2,3
Cornus officinalis,Japanse kornoelje,boom/struik,?,N 0,P 0,2,3
Cornus sanguinea,Rode kornoelje,struik,Geel,N 1,P 1,6,6
Corydalis cava,Holwortel,bol/knol,?,N 1,P 1,3,5
Corydalis solida,Vingerhelmbloem,bol/knol,?,N 2,P 2,3,4
Corylopsis pauciflora,Schijnhazelaar,struik,?,N 3,P 0,2,4
Corylopsis sinensis,Schijnhazelaar,struik,?,N 3,P 0,3,4
Corylopsis spicata,Schijnhazelaar,struik,?,N 3,P 0,3,3
Corylus avellana,Hazelaar,struik,groengeel,N 0,P 1,1,3
Cosmos bipinnatus,Cosmea,1-jarig,Geel,N 5,P 5,7,10
Cosmos sulphureus,Cosmea,1-jarig,?,N 3,P 3,6,9
Cotinus coggygria,Puikenboom,struik,?,N 4,P 4,6,7
Cotoneaster congestus,Dwergmispel,struik,?,N 4,P 4,9,10
Cotoneaster franchetii,Dwergmispel,struik,?,N 1,P 1,6,7
Cotoneaster frigidus,Dwergmispel,struik,?,N 5,P 5,6,7
Cotoneaster horizontalis,Vlakke dwergmispel,struik,?,N 5,P 5,5,7
Cotoneaster lacteus,Dwergmispel,struik,?,N 5,P 5,7,7
Cotoneaster salicifolius,Dwergmispel,struik,?,N 4,P 4,6,6
Crambe cordifolia,Hartbladige zeekool,vast,?,N 3,P 3,5,7
Crambe maritima,Zeekool,vast,?,N 3,P 3,5,6
Crataegus crus-galli,Hanenspoormeidoorn,boom,?,N 1,P 1,5,5
Crataegus laciniata,Veerbladige meidoorn,struik,?,N 1,P 1,5,5
Crataegus laevigata,Tweestijlige meidoorn,struik,?,N 1,P 1,5,5
Crataegus monogyna,Eenstijlige meidoorn,struik/boom,?,N 1,P 1,5,6
Crataegus pinnatifida,Meidoorn,boom,?,N 1,P 1,5,6
Crepis biennis,Groot streepzaad,2-jarig,Geelachtig,N 0,P 2,5,8
Crepis capillaris,Klein streepzaad,1-jarig,Geelachtig,N 0,P 3,6,11
Crepis paludosa,Moerasstreepzaad,vast,Oranje,N 0,P 1,6,6
Crepis tectorum,Smal streepzaad,vast,Geelachtig,N 0,P 1,5,10
Crepis vesicaria ssp. taraxacifol.,Paardebloemstreepzaad,vast,Geelachtig,N 0,P 1,5,8
Crocus biflorus,Krokus,bol.knol,hel oranje,N 5,P 5,2,3
Crocus flavus (Crocus x stellaris),Gele krokus,bol.knol,hel oranje,N 5,P 5,2,4
Crocus kolschyanus,Najaarskrokus,bol.knol,hel oranje,N 5,P 5,9,10
Crocus sieberi,Krokus,bol.knol,hel oranje,N 5,P 5,3,4
Crocus tommasinianus,Boerenkrokus,bol.knol,hel oranje,N 5,P 5,2,3
Crocus vernus,Bonte krokus,bol.knol,hel oranje,N 5,P 5,2,4
Cucumis sativus,Komkommer,1-jarig,?,N 5,P 5,5,9
Cucurbita melo,Meloen,1-jarig,?,N 3,P 3,5,9
Cuphea hyssopifolia,Mexicaanse heide,dwergstruik,?,N 5,P 0,7,9
Cuphea ignea,Lucifersplant,dwergstruik,?,N 1,P 1,8,10
Cuphea lanceolata,Cuphea,dwergstruik,?,N 4,P 0,7,10
Cuphea llavea,Cuphea,dwergstruik,?,N 4,P 0,8,10
Cydonia oblonga,Kwee / Kweepeer,boom,?,N 3,P 0,5,6
Cymbalaria muralis,Muurleeuwenbek,vast,?,N 1,P 0,5,9
Cynara cardunculus,Kardoen,vast,wit,N 3,P 3,7,9
Cynoglossum amabile,Chinees vergeet-mij-nietje,1-2-jarig,?,N 3,P 3,7,9
Cynoglossum officinale,Veldhondstong,2-jarig,?,N 3,P 3,5,6
Cytisus praecox,Brem / Geitenklaver,struik,Oranjeachtig,N 0,P 5,4,5
Cytisus scoparius,Gewone brem / Bezembrem,struik,Oranjeachtig,N 0,P 5,5,6
Dactylorhiza incarnata,Vleeskleurige orchis,vast,?,N 1,P 1,5,6
Dactylorhiza majalis ssp. praetermissa,Rietorchis,vast,?,N 1,P 1,6,7
Dactylorhiza majalis ssp. majalis,Brede orchis,vast,?,N 1,P 1,5,6
Dahlia,Dahlia,Knol,geel/Oranjeachtig,N 5,P 5,7,10
Daphne mezereum,Rood peperboompje,dwergstruik,?,N 1,P 0,2,4
Daucus carota,Peen,2-jarig,?,N 4,P 4,6,9
Deutzia gracilis,Bruidsbloem,struik,?,N 4,P 4,5,6
Deutzia x rosea,Bruidsbloem,struik,?,N 4,P 4,6,6
Dianthus barbatus,Duizendschoon,vast/kortlevend,?,N 1,P 1,6,8
Dianthus plumarius,Grasanjer,vast,?,N 1,P 1,6,8
Dicranostigma leptopodum,Drakenbloem,1-jarig,?,N 1,P 1,7,8
Diervilla sessilifolia,Amerikaanse weigelia,struik,?,N 5,P 5,6,8
Diplotaxis tenuifolia,Grote zandkool,vast,Geelachtig,N 3,P 3,6,10
Dipsacus fullonum,Grote kaardenbol,2-jarig,witachtig,N 3,P 3,7,9
Dipsacus pilosus,Kleine kaardenbol,2-jarig,witachtig,N 3,P 3,7,8
Doronicum pardalianches,Hartbladzonnebloem,vast,?,N 1,P 1,6,6
Doronicum plantagineum,Weegbreezonnebloem,vast,?,N 1,P 1,5,6
Dracocephalum moldavica,Drakekop,1-jarig,?,N 4,P 0,6,9
Dracopis amplexicaulis,Stengelomvattende kegelbloem,1-jarig,?,N 3,P 3,6,9
Echinacea purpurea,Rode zonnehoed,vast,lichtoranje,N 3,P 2,7,10
Echinops sphaerocephalus,Beklierde kogeldistel,vast,Vuilwit,N 3,P 3,7,8
Echium plantagineum,Slangenkruid,1-2-jarig,?,N 4,P 4,6,8
Echium vulgare,Slangenkruid,2-jarig,Blauwachtig,N 4,P 4,5,9
Elaeagnus angustifolia,Smalle olijfwilg,struik,?,N 5,P 5,5,6
Elaeagnus multiflora,Olijfwilg,struik,?,N 4,P 4,5,5
Elaeagnus pungens,Stekelige olijfwilg,struik,?,N 4,P 4,10,11
Eleutherococcus sieboldianus,Krachtwortel/Stekelstruik,vast,?,N 1,P 1,5,6
Elsholtzia stauntonii,Muntstruik,vast,?,N 3,P 3,8,10
Enkianthus campanulatus,Pronkklokje,struik,?,N 1,P 1,5,5
Epilobium ciliatum,Beklierde basterdwederik,vast,?,N 1,P 1,6,8
Epilobium hirsutum,Harig wilgenroosje,vast,wit,N 3,P 3,7,9
Epilobium roseum,Bleke basterdwederik,vast,?,N 1,P 1,7,8
Epipactis palustris,Moeraswespenorchis,vast,?,N 1,P 1,6,8
Eranthis hyemalis,Winterakoniet,knol,geel,N 3,P 3,2,3
Erica arborea,Boomheide,struik,?,N 1,P 1,3,4
Erica carnea,Voorjaarsheide / Sneeuwheide,dwergstruik,Zeer donker,N 5,P 5,1,5
Erica cineria,Rode dophei,dwergstruik,?,N 5,P 5,6,9
Erica darleyensis,Winterheide,dwergstruik,?,N 3,P 3,2,4
Erica tetralix,Gewone dophei,dwergstruik,?,N 5,P 5,6,9
Erica vagans,Zwerfheide,dwergstruik,?,N 3,P 3,8,9
Erigeron acer,Scherpe fijnstraal,2-jarig,?,N 1,P 1,6,8
Erigeron annuus,Zomerfijnstraal,1-2-jarig,?,N 0,P 1,6,9
Eriogonum umbellatum,Zwavelduizendknoop,Halfheester,geel,N 1,P 1,7,9
Erodium manescavii,Grootbloemige reigersbek,vast,?,N 1,P 1,6,9
Erophila verna,Vroegeling,1-jarig,?,N 2,P 2,2,5
Eruca sativa,Rucola / Raketsla / Zwaardherik,1-jarig,?,N 5,P 5,5,8
Eryngium agavifolium,Krabbescheerkruisdistel,vast,?,N 1,P 0,6,8
Eryngium campestre,Echte kruisdistel,vast,?,N 3,P 3,7,8
Eryngium maritimum,Blauwe zeedistel,vast,?,N 5,P 5,6,8
Eryngium planum,Kruisdistel,vast,?,N 1,P 1,6,7
Erysimum allionii,Muurbloem,vast,?,N 5,P 5,4,6
Erysimum cheiranthoides,Gewone steenraket,1-jarig,?,N 1,P 1,5,10
Erysimum cheiri (Cheiranthus cheiri),Muurbloem,vast,?,N 5,P 5,5,6
Erysimum linifolium,Steenraket,vast,?,N 5,P 5,5,8
Escallonia bifida,-,struik,?,N 3,P 3,8,9
Escallonia langleyensis,-,struik,?,N 2,P 2,6,8
Escallonia rubra,-,struik,?,N 3,P 3,7,9
Eschscholzia californica,Slaapmutsje,1-jarig,oranje,N 3,P 3,6,10
Eucomis comosa,Kuiflelie / Ananasplant,bol,?,N 0,P 1,7,10
Eucryphia milliganii,-,struik,?,N 4,P 0,7,8
Euonymus europaeus,Wilde kardinaalsmuts / kardinaalshoed,struik,?,N 4,P 0,5,8
Euonymus fortunei,Kruipende kardinaalsmuts / kardinaalshoed,struik / klimplant,?,N 3,P 0,5,6
Eupatorium cannabinum,Koninginnenkruid / Hennepachtig leverkruid,vast,?,N 3,P 3,7,9
Eupatorium purpureum,Koninginnenkruid,vast,?,N 3,P 3,7,9
Euphorbia amygdaloides,Amandelwolfsmelk,vast,?,N 1,P 0,4,5
Euphorbia cyparissias,Cipreswolfsmelk,vast,?,N 1,P 1,4,5
Euphorbia griffithii,Wolfsmelk,vast,?,N 4,P 0,6,6
Euphorbia polychroma,Kleurige wolfsmelk,vast,?,N 1,P 0,5,6
Euphrasia stricta,Stijve ogentroost,1-jarig,?,N 3,P 0,6,9
Eurybia divaricata (Aster divaricatus),Bosaster,vast,?,N 3,P 0,7,10
Fagopyrum esculentum,Boekweit,1-jarig,geel,N 5,P 5,6,8
Fallopia baldschuanica,Chinese bruidssluier,klimplant,?,N 2,P 2,7,8
Fallopia convolvulus,Zwaluwtong,1-jarig,?,N 1,P 0,7,10
Fallopia japonica,Japanse duizendknoop,vast,?,N 3,P 3,8,9
Felicia amoena,Blauw madeliefje,1-jarig,geel,N 0,P 1,7,10
Filipendula palmata,Spirea,vast,witachtig,N 0,P 5,7,8
Filipendula ulmaria,Moerasspirea,vast,witachtig,N 0,P 3,6,9
Filipendula vulgaris,Knolspirea,vast,wit,N 0,P 3,6,7
Foeniculum vulgare,Venkel,vast,?,N 3,P 3,7,10
Fontanesia phillyreoides,-,struik,?,N 1,P 1,5,6
Fragaria chiloensis Frel,Sieraardbei,vast,?,N 4,P 4,5,6
Fragaria moschata,Grote bosaardbei,vast,?,N 1,P 1,5,7
Fragaria vesca,Bosaardbei,vast,?,N 1,P 1,5,6
Fragaria x ananassa,Aardbei,vast,?,N 0,P 1,5,7
Fraxinus excelsior,Gewone es,boom,?,N 0,P 1,4,5
Fritillaria imperialis,Keizerskroon,bol,?,N 1,P 1,4,5
Fritillaria meleagris,Wilde kievitsbloem,bol,?,N 1,P 1,4,5
Fuchsia magellanica,Fuchsia,struik,?,N 5,P 5,7,11
Fuchsia microphylla,Fuchsia,struik/kuipplant,?,N 1,P 0,8,9
Fuchsia paniculata,Struikfuchsia,struik/kuipplant,?,N 4,P 0,6,9
Galanthus nivalis,Gewoon sneeuwklokje,bol,Oranje,N 3,P 3,2,3
Galeopsis segetum,Bleekgele hennepnetel,1-jarig,?,N 1,P 1,6,9
Galeopsis speciosa,Dauwnetel,1-jarig,?,N 1,P 1,6,9
Galeopsis tetrahit,Gewone hennepnetel,1-jarig,?,N 1,P 1,6,9
Galinsoga parviflora,Kaal knopkruid,1-jarig,?,N 1,P 1,6,10
Galium odoratum,Lievevrouwebedstro,vast,?,N 1,P 1,5,6
Galtonia candicans,Zomerhyacint,bol,geel,N 4,P 4,7,9
Gaura lindheimeri,Prachtkaars,vast,Vuilgeel,N 5,P 5,7,9
Gazania splendens / Gazania rigens,Gazania / Middaggoud,1-jarig,oranje,N 0,P 2,6,10
Genista anglica,Stekelbrem,dwergstr.,?,N 0,P 1,4,6
Genista pilosa,Kruipbrem,dwergstr.,?,N 0,P 0,4,7
Genista tinctoria,Verfbrem,dwergstr.,?,N 1,P 1,6,8
Gentiana asclepiadae,Zijdeplantgentiaan,vast,?,N 1,P 1,7,9
Geranium cinereum,Grijsbladige ooievaarsbek,vast,wit,N 3,P 3,6,7
Geranium clarkei,Clark's ooievaarsbek,vast,?,N 1,P 1,6,8
Geranium cv Ann Folkard,Ooievaarsbek,vast,?,N 3,P 0,5,10
Geranium dissectum,Slipbladige ooievaarsbek,1-jarig,?,N 1,P 1,5,9
Geranium endressii,Ooievaarsbek,vast,?,N 3,P 3,6,7
Geranium macrorrhizum,Rotsooievaarsbek,vast,?,N 5,P 5,6,9
Geranium molle,Zachte ooievaarsbek,1-2-jarig,?,N 1,P 1,5,10
Geranium nodosum,Knopige ooievaarsbek,vast,?,N 3,P 3,6,7
Geranium phaeum,Donkere ooievaarsbek,vast,?,N 3,P 3,5,9
Geranium platypetalum,Ooievaarsbek,vast,?,N 3,P 3,6,8
Geranium pratense,Beemdooievaarsbek,vast,?,N 3,P 3,6,7
Geranium pylzowianum,Ooievaarsbek,vast,?,N 3,P 3,5,6
Geranium pyrenaicum,Bermooievaarsbek,vast,?,N 3,P 3,4,9
Geranium renardii,Ooievaarsbek,vast,?,N 1,P 1,6,7
Geranium riversleaianum,Ooievaarsbek,vast,?,N 1,P 1,6,9
Geranium robertianum,Robertskruid,1-2-jarig,?,N 3,P 3,5,10
Geranium sanguineum,Bloedooievaarsbek,vast,?,N 3,P 3,5,8
Geranium silvaticum,Bosooievaarsbek,vast,?,N 3,P 3,5,6
Geranium wlassovianum,Ooievaarsbek,vast,?,N 3,P 3,7,8
Geranium x cantabrigiense,Ooievaarsbek,vast,?,N 3,P 3,6,7
Geum rivale,Knikkend nagelkruid,vast,?,N 1,P 1,5,6
Geum urbanum,Geel nagelkruid,vast,?,N 1,P 1,5,9
Gilia achilleifolia,Duizendblad gilia,1-jarig,?,N 1,P 1,5,9
Gilia capitata,Hoofdjesgilia,1-jarig,?,N 1,P 1,5,9
Gilia trocolor,Driekleurige gilia,1-jarig,?,N 1,P 1,6,8
Glaucium flavum,Gele hoornpapaver,vast/1-jarig,?,N 0,P 1,6,8
Glechoma hederacea,Hondsdraf,vast,?,N 3,P 0,4,5
Gleditsia triacanthos,Valse christusdoorn,boom,geel,N 5,P 5,6,7
Grindelia squarrosa,Gomplant,vast,?,N 3,P 3,6,9
Gymnocladus dioicus,Doodsbeenderenboom,boom,?,N 1,P 0,5,7
Gypsophila paniculata,Bruidssluier,vast,?,N 3,P 0,6,7
Halesia carolina,Sneeuwklokjesboom,struik,?,N 2,P 2,5,6
Hamamelis japonica,Japanse toverhazelaar,struik,?,N 0,P 3,1,3
Hamamelis mollis,Chinese toverhazelaar,struik,?,N 1,P 1,1,2
Hamamelis virginana,Amerikaanse toverhazelaar / Virginische toverhazelaar,struik,?,N 1,P 1,10,3
Hamamelis x intermedia,Toverhazelaar,struik,?,N 1,P 1,1,3
Haplopappus reideri,Haplopappus,vast,?,N 1,P 0,6,7
Hebe brachysiphon,Struikveronica,struik,?,N 1,P 0,6,6
Hebe salicifolia,Struikveronica,struik,?,N 4,P 0,7,8
Hebe x andersonii,Struikveronica,Kuip/struik,?,N 4,P 0,7,9
Hebenstretia dentata,-,1-jarig,?,N 5,P 5,6,9
Hedera helix,Klimop,klimplant,Oker,N 5,P 5,9,11
Hedysarum multijugum,-,struik,?,N 4,P 4,7,9
Helenium autumnale,Zonnekruid,vast,geel/oranje geel,N 5,P 5,8,9
Helenium-hybryden,Zonnekruid,vast,geel/oranje geel,N 1,P 1,7,9
Helianthemum nummularium,Geel zonneroosje / Gestippeld zonneroosje,vast,oranje,N 0,P 3,5,9
Helianthus annuus,Zonnebloem,1-jarig,diepgeel,N 5,P 5,7,10
Helianthus debilis,Zonnebloem,1-jarig,?,N 3,P 3,7,9
Helianthus laetiflorus,Stijve zonnebloem,vast,?,N 3,P 3,7,9
Helianthus tuberosus,Aardpeer,vast,?,N 3,P 3,10,11
Helichrysum arenarium,Strobloem,vast,?,N 1,P 1,7,10
Helichrysum bracteatum,Strobloem / Goudsstrobloem,1-jarig,?,N 1,P 1,7,10
Heliopsis helianthoides,Zonneogen,vast,?,N 1,P 1,7,9
Heliotropium arborescens (=peruvianum),Heliotroop / Vanillebloem,kuipplant,?,N 1,P 4,6,9
Helleborus argutifolius,Corsicaanse kerstroos,vast,?,N 3,P 3,2,4
Helleborus foetidus,Stinkend nieskruid,vast,?,N 1,P 1,1,5
Helleborus niger,Kerstroos,vast,?,N 1,P 1,1,3
Helleborus viridis ssp. occidentalis,Wrangwortel,vast,?,N 1,P 1,3,4
Heptacodium miconioides,Zevenbloem,heester,?,N 1,P 0,9,10
Heracleum mantegazzianum,Perzische- of Reuzenberenklauw,vast,Geelachtig/vuilgeel,N 4,P 4,6,9
Heracleum sphondylium,Gewone berenklauw,vast,Geelachtig/vuilgeel,N 3,P 3,6,10
Hesperis matronalis,Damastbloem,2-jarig,?,N 3,P 3,5,7
Heuchera americana,-,vast,?,N 1,P 0,6,7
Heuchera micrantha,-,vast,?,N 3,P 0,6,7
Heuchera sanguinea,-,vast,?,N 3,P 0,5,7
Heuchera x brizoides,-,vast,?,N 1,P 0,5,7
Hibiscus syriacus,Althaeastruik,struik,?,N 1,P 1,6,10
Hieracium amplexicaule,Stengelomvattend havikskruid,vast,Geel/geelachtig,N 1,P 1,6,7
Hieracium aurantiacum,Oranje havikskruid,vast,Geel/geelachtig,N 1,P 1,6,7
Hieracium caespitosum,Weidehavikskruid,vast,Geel/geelachtig,N 1,P 1,6,6
Hieracium laevigatum,Stijf havikskruid,vast,Geel/geelachtig,N 3,P 3,7,9
Hieracium maculatum,Gevlekt havikskruid,vast,Geel/geelachtig,N 1,P 1,6,8
Hieracium pilosella,Muizenoor,vast,Geel/geelachtig,N 1,P 1,5,6
Hieracium praealtum,Grijs havikskruid,vast,Geel/geelachtig,N 1,P 1,5,8
Hieracium sabaudum,Boshavikskruid,vast,Geel/geelachtig,N 1,P 1,8,10
Hieracium umbellatum,Schermhavikskruid,vast,Geel/geelachtig,N 1,P 1,7,9
Hieracium vulgatum,Dicht havikskruid,vast,Geel/geelachtig,N 1,P 1,6,7
Hippocrepis comosa,Paardenhoefklaver,vast,?,N 1,P 1,5,6
Hippophae rhamnoides,Duindoorn,struik,?,N 0,P 1,4,5
Holodiscus discolor,Pluimspirea,struik,?,N 1,P 1,7,8
Hovenia dulcis,Japanse rozijnenboom,boom,?,N 1,P 1,6,8
Hoya carnosa,Wasbloem,vast,?,N 1,P 0,5,9
Humulus lupulus,Hop,klimplant,?,N 0,P 1,7,9
Hyacinthus orientalis,Hyacint,bol,?,N 3,P 3,4,5
Hydrangea anomala ssp. petiolaris,Klimhortensia,klimplant,vuilwit,N 3,P 3,6,7
Hydrangea aspera,Hortensia,struik,?,N 1,P 0,6,8
Hydrangea paniculata,Pluimhortensia,struik,vuilwit-geelachtig,N 3,P 3,7,9
Hydrangea sargentiana,Hortensia,struik,?,N 1,P 1,6,8
Hydrangea serrata,Hortensia,struik,?,N 1,P 1,6,9
Hypericum androsaemum,Mansbloed,dwergstruik,geelachtig,N 0,P 3,6,9
Hypericum calycinum,Grootbloemig hertshooi,dwergstruik,geelachtig,N 0,P 3,7,10
Hypericum densiflorum,Struikhertshooi / Sint-janskruid,vast,geelachtig,N 0,P 4,6,9
Hypericum dubium,Kantig hertshooi,vast,geelachtig,N 0,P 1,7,9
Hypericum forrestii,Struikhypericum / hertshooi,struik,geelachtig,N 0,P 4,7,9
Hypericum hircinum,Stinkend hertshooi,dwergstruik,geelachtig,N 0,P 3,7,9
Hypericum inodorum,Struikhypericum,struik,geelachtig,N 0,P 3,7,9
Hypericum kalmianum,Struikhypericum,struik,geelachtig,N 0,P 4,7,9
Hypericum montanum,Berghertshooi,vast,geelachtig,N 0,P 1,6,9
Hypericum olympicum,Rotshertshooi,dwergstruik,geelachtig,N 0,P 3,6,8
Hypericum perforatum,Sint-Janskruid,vast,geelachtig,N 0,P 3,6,9
Hypericum tetrapterum,Gevleugeld hersthooi,vast,geelachtig,N 0,P 1,7,9
Hypericum uralum,Struikhypericum,struik,geelachtig,N 0,P 3,6,7
Hypochaeris radicata,Gewoon biggekruid,vast,geel,N 0,P 1,6,9
Hyssopus officinalis,Hyssop,vast,?,N 1,P 0,7,9
Iberis amara,Bittere scheefbloem,1-jarig,?,N 1,P 1,6,9
Iberis sempervirens,Groenblijvende scheefbloem,halfheester,?,N 1,P 0,5,6
Iberis umbellata,Schermscheefbloem,1-jarig,?,N 1,P 1,6,9
Ilex aquifolium,Hulst,vast,Geelgroen,N 5,P 5,5,6
Ilex crenata,Japanse Hulst,vast,?,N 1,P 1,6,7
Ilex verticillata,Hulst / Winterbes,vast,?,N 1,P 1,5,5
Impatiens glandulifera,Reuzenbalsemien,1-jarig,Wit,N 3,P 3,7,10
Impatiens noli-tangere,Grootspringzaad,1-jarig,wit,N 1,P 1,6,9
Impatiens parviflora,Klein springzaad,1-jarig,?,N 1,P 0,6,10
Impatiens scabrida,Springzaad,1-jarig,?,N 1,P 1,7,9
Impatiens walleriana,Vlijtig liesje,1-jarig,?,N 2,P 2,6,10
Indigofera amblyantha,-,struik,?,N 4,P 0,7,9
Indigofera heterantha,Indigostruik,struik,?,N 4,P 0,6,9
Indigofera kirilowii,-,dwergstruik,?,N 4,P 0,6,7
Inula britannica,Engelse alant,vast,Geel,N 1,P 1,7,9
Inula conyzae,Donderkruid,vast,Geel,N 1,P 1,7,9
Inula ensifolia,Kleine alant,vast,Geel,N 1,P 1,7,8
Inula helenium,Griekse alant,vast,?,N 1,P 1,7,8
Inula magnifica / Inula afghanica,Alant,vast,?,N 1,P 0,8,9
Inula orientalis,Oosterse alant,vast,?,N 1,P 1,7,8
Inula salicina,Wilgallant,vast,?,N 1,P 1,6,8
Iris pseudacorus,Gele lis,vast,?,N 1,P 1,5,7
Itea virginica,Bloemwilg,struik,?,N 5,P 0,7,8
Jasione montana,Zandblauwtje,1-jarig,witachtig,N 3,P 3,6,8
Jussiaea grandiflora,Waterteunisbloem,vast,Geel,N 3,P 3,6,10
Kalimeris incisa,Zomeraster,vast,?,N 1,P 0,6,8
Kalmia angustifolia,Lepelboom,struik,?,N 1,P 0,6,7
Kerria japonica,Ranonkelstruik / Kerriestruik,struik,?,N 1,P 1,5,6
Kitaibela vitifolia,-,vast,?,N 1,P 0,7,8
Knautia arvensis,Beemdkroon,vast,Lila-achtig,N 3,P 3,6,9
Knautia macedonia,Beemdkroon,vast,?,N 1,P 0,6,9
Kniphofia,Vuurpijl,vast,?,N 3,P 3,7,8
Koelreuteria paniculata,Gele zeepboom / Chinese vernisboom / Lampionboom / Koelruit / Blazenboom,boom,?,N 4,P 4,7,8
Kolkwitzia amabilis,Koninginnestruik,struik,?,N 5,P 5,5,6
Laburnum anagyroides,Goudenregen / Gouden regen,boom / struik,Bruinig geel,N 1,P 1,5,6
Lactuca tatarica,Strandsla,vast,?,N 1,P 1,7,10
Lamiastrum galeobdolon,Gele dovenetel,vast,?,N 1,P 1,4,6
Lamiastrum galeobdolon ssp. argentatum,Bonte gele dovenetel,vast,?,N 1,P 1,4,6
Lamium album,Witte dovenetel,vast,?,N 2,P 0,4,9
Lamium amplexicaule,Hoenderbeet,1-jarig,?,N 1,P 1,4,9
Lamium maculatum cv. var.,Gestreepte dovenetel,vast,?,N 1,P 1,4,9
Lamium purpureum,Paarse dovenetel,1-2-jarig,rood,N 3,P 3,3,10
Lantana camara,Wisselbloem,,?,N 3,P 0,6,9
Lappula deflexa,Stekelzaad,1-2-jarig,?,N 1,P 1,6,8
Lapsana communis,Akkerkool,1-jarig,?,N 1,P 1,6,9
Lathyrus latifolius,Brede lathyrus,vast,?,N 1,P 1,6,8
Lathyrus palustris,Moeraslathyrus,vast,?,N 1,P 1,5,8
Lathyrus pratensis,Veldlathyrus,vast,?,N 3,P 3,7,8
Lathyrus sylvestris,Boslathyrus,vast,?,N 1,P 1,6,8
Lathyrus tuberosus,Aardaker,vast,?,N 3,P 3,6,8
Lavandula,Lavendel (geslachtsnaam),dwergstr.,-,N -,P -,-,-
Lavandula angustifolia,Spijklavendel / Echte lavendel,dwergstruik,?,N 5,P 0,6,7
Lavandula stoechas,Kuiflavendel / Franse lavendel / Vlinderlavendel,dwergstr.,?,N 3,P 0,7,8
Lavatera olbia,Struikmalva,struik,Wit,N 3,P 3,7,11
Lavatera trimestris,Bekermalva,1-jarig,Wit,N 1,P 0,7,10
Leonurus cardiaca,Hartgespan,vast,?,N 3,P 3,6,9
Leonurus sibiricus,Siberisch Hartgespan / Marihuanilla / Kleine marihuana,1-2-jarig,?,N 3,P 3,6,8
Leontodon autumnalis,Vertakte leeuwentand,vast,?,N 1,P 1,7,10
Leontodon hispidus,Ruige leeuwentand,vast,?,N 1,P 1,7,9
Leontodon saxatilis,Kleine leeuwentand,2-jarig,?,N 1,P 1,6,10
Lepidium sativum,Tuinkers,1-jarig,?,N 1,P 1,6,7
Lespedeza thunbergii,Struikklaver / Bosklaver,struik,?,N 1,P 1,7,8
Leucanthemum maximum,Reuzenmargriet,vast,?,N 3,P 3,6,9
Leucanthemum paludosum,Kleine margriet,1-jarig,?,N 3,P 3,4,7
Leucanthemum vulgare,Gewone margriet,vast,?,N 3,P 3,5,8
Leucojum aestivum,Zomerklokje,bol,?,N 1,P 1,4,6
Leucojum vernum,Lenteklokje,bol,?,N 1,P 1,2,4
Levisticum officinale,Lavas,vast,?,N 1,P 1,7,8
Liatris spicata,Lampenpoetser / Prachtkaars,vast,romig wit,N 3,P 3,7,9
Ligularia dentata,Kruiskruid,vast,?,N 3,P 3,7,9
Ligularia przewalskii,Tongkruiskruid,vast,?,N 1,P 1,6,7
Ligustrum lucidem,Glimmende liguster,struik,Licht geel,N 1,P 1,7,9
Ligustrum ovalifolium,Haagliguster,struik,Licht geel,N 4,P 4,6,8
Ligustrum vulgare,Wilde liguster,struik,Licht geel,N 4,P 4,6,7
Limnanthes douglasii,Geelwitte moerasbloem / Spiegeleitjes,1-jarig,Oker-geel,N 5,P 5,5,9
Limonium latifolium,Zeelavendel / Lamsoor / Statice,vast,?,N 3,P 3,6,8
Limonium vulgare,Lamsoor,vast,?,N 5,P 5,7,10
Linaria purpurea,Paarse leeuwenbek,vast,?,N 1,P 0,5,8
Linaria repens,Gestreepte leeuwenbek,vast,?,N 3,P 0,7,9
Linaria vulgaris,Vlasbekje,vast,?,N 1,P 1,6,9
Linum flavum,Geel vlas,vast,?,N 3,P 0,6,8
Linum usitatissimum,Vlas,1-jarig,?,N 1,P 1,6,8
Liriodendron tulipifera,Tulpenboom,boom,?,N 3,P 3,6,7
Lithospermum officinale,Glad parelzaad,vast,?,N 3,P 3,5,7
Lobelia erinus,Tuinlobelia,1-jarig,?,N 3,P 0,6,10
Lobelia fulgens,Lobelia,vast,?,N 1,P 0,8,10
Lobelia x gerardii,Lobelia,vast,?,N 1,P 0,7,9
Lobelia x speciosa,Lobelia,vast,?,N 1,P 0,7,9
Lobularia maritima,Zilverschildzaad,1-jarig,?,N 1,P 0,5,9
Lochroma coccineum,Lochroma,struik/kuipplant,?,N 4,P 0,7,9
Lonicera alpigena,Alpenkamperfoelie,struik,?,N 1,P 1,5,6
Lonicera caprifolium,Tuinkamperfoelie,struik,?,N 1,P 1,5,6
Lonicera henryi,Groenblijvende kamperfoelie,klimplant,?,N 3,P 0,6,7
Lonicera japonica,Kamperfoelie,klimplant,?,N 1,P 0,6,9
Lonicera nitida,Kamperfoelie,struik,?,N 5,P 5,5,6
Lonicera periclymenum,Wilde kamperfoelie,klimplant,?,N 1,P 0,6,10
Lonicera pileata,Struikkamperfoelie,struikje,?,N 1,P 1,4,5
Lonicera ruprechtiana,-,struik,?,N 3,P 0,5,6
Lonicera tatarica,Tartaarse kamperfoelie,struik,?,N 3,P 3,5,6
Lonicera xylosteum,Rode kamperfoelie,struik,?,N 1,P 1,5,6
Lopezia racemosa,Muskietenbloem,1-jarig,?,N 1,P 0,6,10
Lotus corniculatus var. corniculatus,Gewone rolklaver,vast,?,N 3,P 3,6,9
Lotus corniculatus var. sativus,Rechte rolklaver,vast,?,N 3,P 3,6,9
Lotus glaber,Smalle rolklaver,vast,?,N 1,P 1,6,9
Lotus pedunculatus / Lotus uliginosus,Moerasrolklaver,vast,?,N 3,P 3,6,8
Lunaria annua,Judaspenning / Tuinjudaspenning,2-jarig,?,N 3,P 3,5,6
Lupinus luteus,Gele lupine,1-jarig,?,N 1,P 1,6,8
Lupinus polyphyllus,Vaste lupine,vast,?,N 3,P 3,6,8
Lychnis coronaria,Prikneus,2-jarig,?,N 1,P 1,6,8
Lychnis flos-cuculi,Echte koekoeksbloem,2-jarig,?,N 3,P 3,5,9
Lycianthes rantonnetii,Blauwe nachtschade / Blauwe aardappelstruik,kuip,geel,N 1,P 1,7,9
Lycium barbarum,Boksdoorn,struik,?,N 3,P 3,5,10
Lycopus europaeus,Wolfspoot,vast,?,N 3,P 0,6,8
Lysimachia clethroides,-,vast,?,N 1,P 0,6,8
Lysimachia nemorum,Boswederik,vast,?,N 1,P 1,5,6
Lythrum salicaria,Grote kattenstaart / Gewone kattenstaart,vast,witachtig,N 5,P 5,6,9
Lythrum virgatum,Fijne kattenstaart / Roedekattenstaart,vast,witachtig,N 5,P 5,7,9
Malus Baccata,Siberische sierappel / Kersappel,boom,?,N 3,P 3,5,5
Malus domestica,Appel,boom,?,N 3,P 3,4,5
Malus floribunda,Sierappel,struik,?,N 3,P 3,5,5
Malus sylvestris,Wilde appel,boom,?,N 3,P 3,4,5
Malva alcea,Vijfdelig kaasjeskruid,vast,?,N 3,P 3,6,9
Malva moschata,Muskuskaasjeskruid,vast,witachtig,N 3,P 3,7,9
Malva sylvestris,Groot kaasjeskruid,2-jarig,?,N 3,P 3,6,10
Marrubium vulgare,Malrove,vast,?,N 3,P 3,6,9
Matricaria recutita,Echte kamille,1-jarig,?,N 0,P 3,5,10
Medicago falcata,Sikkelklaver,vast,?,N 1,P 1,5,9
Medicago lupulina,Hopklaver,vast/1-jarig,?,N 3,P 3,4,10
Medicago sativa,Luzerne,vast,wit,N 4,P 4,6,9
Medicago x varia,Bonte luzerne,vast,?,N 1,P 1,6,9
Melampyrum pratense,Hengel,1-jarig,?,N 1,P 0,5,8
Melilotus albus,Witte honingklaver,vast/2-jarig,Grijsbruin,N 5,P 5,7,9
Melilotus altissimus,Goudgele honingklaver,vast/2-jarig,?,N 5,P 5,6,9
Melilotus officinalis,Citroengele honingklaver,2-jarig,?,N 5,P 5,7,9
Melissa officinalis,Citroenmelisse,vast,?,N 3,P 3,6,9
Melittis melissophyllum,Bijenblad,vast,?,N 0,P 0,6,7
Mentha aquatica,Watermunt,vast,?,N 3,P 3,7,9
Mentha arvensis,Akkermunt,vast,?,N 3,P 0,7,9
Mentha longifolia,Hertsmunt,vast,?,N 1,P 0,7,9
Mentha pulegium,Polei,vast,?,N 3,P 0,8,9
Mentha suaveolens,Witte munt,vast,?,N 1,P 0,7,10
Mentha verticillata,Kransmunt,vast,?,N 1,P 0,7,10
Mentha x rotundifolia,Wollige munt,vast,?,N 1,P 1,6,9
Mesembryanthemum criniflorum,IJsplantje / IJsbloem / IJskruid,1-jarig,?,N 1,P 1,6,9
Mespilus germanica,Mispel,struik,?,N 3,P 3,5,5
Minuartia biflora,Tweebloemige muur,1-jarig,?,N 1,P 1,6,8
Misopates orontium,Akkerleeuwenbek,1-jarig,?,N 1,P 1,6,10
Monarda didyma,Monarda,vast,?,N 1,P 0,7,9
Monarda fistulosa,Monarda,vast,?,N 1,P 0,7,9
Muscari botryoides,Blauwe druifjes,bol,?,N 3,P 0,3,5
Myosotis laxa ssp. cespitosa,Zompvergeet-mij-nietje,vast,?,N 1,P 0,5,9
Myosotis ramosissima,Ruw vergeet-mij-nietje,1-jarig,?,N 1,P 0,4,6
Myosotis scorpioides,Moerasvergeet-mij-nietje,vast,?,N 1,P 0,5,8
Myosotis sylvatica,Bosvergeet-mij-nietje,1-2-jarig,?,N 3,P 0,5,6
Myrica gale,Wilde gagel,struik,?,N 0,P 1,4,5
Napaea dioica,-,vast,?,N 1,P 0,8,9
Narcissus pseudonarcissus ssp. major,Trompetnarcis,bol,geel,N 1,P 1,4,5
Narcissus pseudonarcissus ssp. pseudonarcissus,Wilde narcis,bol,geel,N 1,P 1,3,5
Nectaroscordum siculum,Bulgaarse ui,bol,?,N 3,P 0,6,6
Nemophila maculata,Gevlekt bosliefje,1-jarig,?,N 1,P 1,5,10
Nemophila menziesii,Blauw bosliefje,1-jarig,?,N 5,P 5,5,10
Nepeta cataria,Wild kattenkruid,vast,?,N 3,P 0,6,9
Nepeta nervosa,Kattenkruid,vast,?,N 1,P 0,7,9
Nepeta x faassenii,Kattenkruid,vast,?,N 3,P 3,5,9
Nicandra physalodes,Zegekruid,1-jarig,witachtig,N 3,P 3,7,10
Nicotiniana tabacum,Tabaksplant,1-jarig,?,N 1,P 0,7,8
Nigella arvensis,Juffertje in het groen,1-jarig,?,N 1,P 1,7,9
Nigella damascena,Juffertje in het groen,1-jarig,?,N 1,P 1,6,8
Nolana humifusa,Klokbloem / Valse klokwinde,1-jarig,?,N 5,P 0,6,10
Nolana paradoxa,Chileense klokbloem,1-jarig,?,N 0,P 0,6,9
Nuphar lutea,Gele plomp,water/moerasplant,?,N 1,P 1,5,8
Nymphaea alba,Witte waterlelie,water/moerasplant,?,N 0,P 1,5,8
Nymphoides peltata,Watergentiaan,water/moerasplant,?,N 3,P 3,7,9
Ocimum basilicum,Basilicum,1-jarig,?,N 3,P 0,6,10
Odontites vernus ssp. serotines,Rode ogentroost,1-jarig,?,N 3,P 0,7,9
Odontites vernus ssp. vernus,Rode ogentroost,1-jarig,?,N 3,P 0,7,9
Oenothera biennis,Middelste teunisbloem,2-jarig,geelwit,N 3,P 3,6,9
Oenothera erythrosepala,Grote teunisbloem,2-jarig,geelachting,N 1,P 1,6,9
Oenothera parviflora,Kleine teunisbloem,2-jarig,Geel,N 1,P 1,6,9
Olearia x haastii,Olearia,struik,?,N 1,P 1,7,8
Oligoneuron (Solidago) rigidum,Guldenroede,vast,Geel,N 4,P 4,8,9
Onobrychis viciifolia,Esparcette,vast,Bruinachtig,N 5,P 5,5,6
Ononis repens ssp. repens,Stalkruid,vast,?,N 1,P 0,6,9
Ononis repens ssp. spinosa,Kattendoorn,vast,?,N 3,P 0,6,9
Onopordum acanthium,Wegdistel,2-jarig,?,N 1,P 1,7,9
Origanum laevigatum,Marjolein,vast,?,N 5,P 5,7,9
Origanum majorana,Echter marjolein,vast/1-jarig,?,N 1,P 0,7,9
Origanum onites,Marjolein,vast,?,N 5,P 0,7,9
Origanum vulgare,Wilde marjolein,vast,Grijsachtig,N 5,P 5,6,9
Orlaya grandiflora,Straalscherm,vast,?,N 1,P 1,6,8
Ornithogalum nutans,Knikkende vogelmelk,bol,?,N 1,P 1,4,5
Ornithogalum umbellatum,Gewone vogelmelk,bol,?,N 1,P 1,5,6
Ornithopus perpusillus,Klein vogelpootje,1-jarig,?,N 1,P 1,5,8
Ornithopus sativus,Seradelle,1-jarig,?,N 1,P 1,6,8
Osmanthus burkwoodii,Schijnhulst,struik,?,N 1,P 1,4,5
Oxalis articulata,Roze klaverzuring,vast,?,N 1,P 0,5,9
Oxalis valdiviensis,klaverzuring,vast,?,N 5,P 0,6,8
Oxycoccus macrocarpos (Vaccinum macrocarpos),Cranberry / Grote veenbes,dwergstruik,?,N 5,P 5,6,7
Oxycoccus palustris (Vaccinum palustris),Kleine veenbes,dwergstruik,?,N 3,P 3,5,6
Oxydendrum arboreum,Zuurboom,struik,?,N 1,P 1,8,9
Pachysandra terminalis,Pachysandra,vast,?,N 0,P 1,4,5
Paeonia officinalis,Boerenpioen / Pioenroos,vast,?,N 3,P 3,5,6
Papaver argemone,Ruige klaproos,1-jarig,blauwzwart,N 0,P 3,5,7
Papaver croceum,IJslandse papaver,2-jarig,geel,N 0,P 1,6,7
Papaver dubium,Bleke klaproos,1-jarig,?,N 0,P 5,5,8
Papaver orientale,Oosterse klaproos,vast,?,N 0,P 5,5,6
Papaver rhoeas,Grote klaproos,1-jarig,donkerblauw/zwart,N 0,P 5,5,7
Papaver somniferum,Slaapbol,1-jarig,wit,N 0,P 5,6,8
Paradisea liliastrum,Paradijslelie / St. Brunolelie,vast,?,N 1,P 0,6,7
Parthenocissus inserta,Valse wingerd,klimpl.hout,?,N 1,P 0,7,8
Parthenocissus quinquefolia,Wilde wingerd,klimpl.hout,?,N 3,P 0,5,5
Parthenocissus tricuspidata,Oosterse (wilde) wingerd,klimpl.hout.,?,N 3,P 0,6,9
Passiflora caerulea,Blauwe passiebloem,Kuip/klim,oranje,N 4,P 4,6,10
Pastinaca sativa,Pastinaak,2-jarig,?,N 2,P 2,7,9
Paulownia tomentosa,Anna Paulownaboom,boom,?,N 1,P 1,5,5
Penstemon barbatus,Schildpadbloem / Slangekopbloem,vast,?,N 1,P 0,6,10
Pentaglottis sempervirens,Overblijvende ossentong,vast,?,N 5,P 5,4,10
Perovskia atriplicifolia,Perovskia,struik,?,N 4,P 0,8,9
Persicaria amphibia,Veenwortel,vast,?,N 1,P 1,6,10
Persicaria amplexicaulis,-,vast,?,N 5,P 0,7,9
Persicaria bistorta,Adderwortel,vast,grijs-wit,N 3,P 3,6,7
Persicaria capitata,Kruipende duizendknoop,1-jarig,?,N 4,P 0,6,9
Persicaria hydropiper,Waterpeper,1-jarig,?,N 1,P 0,7,10
Persicaria lapathifolia,Beklierde duizendknoop,1-jarig,?,N 1,P 1,6,10
Persicaria macrophylla,-,vast,?,N 1,P 0,7,9
Persicaria maculosa,Perzikkruid,1-jarig,?,N 2,P 2,6,10
Persicaria mites,Zachte duizendknoop,1-jarig,?,N 1,P 0,7,10
Persicaria orientalis,Oosterse duizendknoop,1-jarig,?,N 3,P 3,7,9
Petasites albus,Wit hoefblad,vast,?,N 3,P 3,2,3
Petasites hybridus,Groot hoefblad,vast,wit,N 3,P 3,3,4
Petasites japonicus,Japans hoefblad,vast,?,N 3,P 3,3,4
Phacelia tanacetifolia,Phacelia,1-jarig,Blauw/paarsachtig,N 5,P 5,5,9
Phalaris arundinacea,Rietgras,vast,?,N 5,P 5,6,7
Phellodendro amurense,Kurkboom,boom,?,N 3,P 0,5,6
Philadelphus coronarius,Welriekende jasmijn / Boernjasmijn,struik,?,N 1,P 1,6,6
Phlox paniculata,Vlambloem,vast,?,N 2,P 0,7,9
Photinia davidiana,Glansmispel,struik,?,N 2,P 2,6,7
Photinia villosa,Glansmispel,struik,?,N 4,P 4,5,5
Phuopsis stylosa,Perzische kruisjesplant,vast,?,N 3,P 0,6,9
Physocarpus opulifolius,Blaasspirea,struik,?,N 3,P 0,5,6
Physostegia virginiana,Scharnierbloem,vast,?,N 1,P 1,7,9
Phyteuma spicatum ssp.nigrum,Zwarte rapunzel,vast,?,N 1,P 1,5,6
Phyteuma spicatum ssp.spicatum,Witte rapunzel,vast,?,N 1,P 1,5,6
Phytolacca esculenta,Oosterse karmozijnbes,vast,vuilwit,N 1,P 1,6,8
Picris hieracioides,Echt bitterkruid,2-jarig/vast,Geel,N 3,P 3,7,9
Pileostegia viburnoides,Pileostegia,klimstruik,?,N 4,P 0,8,9
Pimpinella major,Grote bevernel,vast,?,N 3,P 0,6,9
Pimpinella saxifraga,Kleine bevernel,vast,?,N 3,P 0,7,9
Pittosporum tenuifolium,Kleefzaad,struik/kuip,Oranjeachtig,N 1,P 1,6,7
Pittosporum tobira,Kleefzaad / Australische laurier,struik/kuip,?,N 3,P 3,8,8
Plantago arenaria,Zandweegbree,1-jarig,?,N 0,P 1,7,9
Plantago lanceolata,Smalle weegbree,vast,?,N 0,P 3,5,9
Plantago major,Grote weegbree,vast,?,N 0,P 3,5,10
Plantago media,Ruige weegbree,vast,?,N 0,P 3,5,7
Plectranthus ornatus,Plectrantus,vast,?,N 0,P 1,7,9
Polemonium caeruleum,Jacobsladder,vast,oranje,N 3,P 3,5,6
Polemonium reptans,Kruipende jabobsladder,vast,?,N 3,P 0,4,6
Polygonatum multiflorum,Gewone salomonszegel / Veelbloemige salomonszegel,vast,?,N 1,P 1,5,6
Polygonatum odoratum,Welriekende salomonszegel,vast,?,N 1,P 1,5,6
Polygonum aviculare,Gewoon varkensgras,1-jarig,?,N 1,P 0,5,11
Potentilla aurea,Goudgele ganzerik,vast,?,N 1,P 0,5,6
Potentilla erecta / Potentilla tormentilla / Tormentilla erecta,Tormentil,vast,?,N 0,P 1,6,8
Potentilla fruticosa,Heester ganzerik / Struik ganzerik,struik,grijsbruin,N 3,P 3,6,10
Potentilla grandiflora,Grootbloemige ganzerik,vast,?,N 4,P 4,6,8
Potentilla norvegica,Noorse ganzerik,1-jarig,?,N 0,P 1,6,9
Potentilla palustris,Moerasaardbei / Wateraardbei,water/moeras,?,N 1,P 1,6,7
Potentilla recta,Rechte ganzerik / Zwavelvijfblad,vast,geel,N 0,P 1,6,8
Prenanthes purpurea,Hazensla,vast,?,N 1,P 1,7,9
Primula elatior,Slanke sleutelbloem,vast,?,N 0,P 1,3,5
Primula veris,Gulden sleutelbloem,vast,?,N 0,P 1,4,5
Primula vulgaris,Stengelloze sleutelbloem,vast,?,N 0,P 1,3,5
prostanthera cuneata,Muntstruik,dwergstruik,?,N 1,P 0,5,8
Prunella grandiflora,Grote brunel,vast,?,N 1,P 0,7,9
Prunella vulgaris,Gewone brunel,vast,?,N 3,P 3,5,9
Prunus armeniaca,Abrikoos,struik,?,N 5,P 5,2,3
Prunus avium,Zoete kers,boom,?,N 5,P 5,4,5
Prunus cerasifera,Kerspruim,boom,?,N 5,P 5,3,4
Prunus cerasus,Morel,boom,?,N 5,P 5,4,5
Prunus domestica,Pruim (ssp. insititia: Kroosjes),boom,bleekgroen,N 5,P 5,4,5
Prunus dulcis,Amandel,boom,?,N 3,P 3,3,4
Prunus laurocerasus,Laurierkers,struik,grijzig,N 3,P 3,5,5
Prunus lusitanica,Portugese laurierkers,struik,?,N 3,P 3,6,6
Prunus mahaleb,Weichselboom / Weichselkers,boom,?,N 5,P 5,5,5
Prunus nigra,Wilde pruim / Zwarte pruim,boom/struik,?,N 5,P 5,5,6
Prunus padus,Vogelkers,boom,?,N 3,P 3,4,5
Prunus persica,Perzik,boom,?,N 5,P 5,4,4
Prunus serotina,Amerikaanse vogelkers,boom,?,N 3,P 3,5,6
Prunus serrulata,Japanse kers,boom,?,N 3,P 3,4,5
Prunus spinosa,Sleedoorn,struik,?,N 3,P 3,2,5
Prunus subhirtella,Voorjaarskers,boom/struik,?,N 3,P 3,11,4
Pseudofumaria alba / Corydalis alba,Geelwitte helmbloem,vast,?,N 1,P 1,6,10
Pseudofumaria lutea / Corydalis lutea,Gele helmbloem,vast,?,N 1,P 1,5,10
Ptelea trifoliata,Lederboom,struik/boom,?,N 5,P 0,6,6
Pteridium aquilinum,Adelaarsvaren,vast,?,N 1,P 0,7,8
Pterostyrax corymbosa,Epaulettenboom,boom/struik,?,N 4,P 4,6,7
Pterostyrax hispida,Epaulettenboom,boom/struik,?,N 1,P 1,6,7
Pulicaria dysenterica,Heelblaadjes,vast,Geel,N 0,P 3,7,9
Pulmonaria longifolia,Langbladig longkruid,vast,?,N 1,P 1,3,5
Pulmonaria montana,Smal longkruid,vast,?,N 1,P 1,3,5
Pulmonaria officinalis,Gevlekt longkruid,vast,?,N 1,P 1,3,5
Pulsatilla vulgaris,Wildemanskruid,vast,?,N 0,P 1,3,5
Puschkinia scilloides var. libanotica,saffierhyacinth,bol,lichtoranje,N 3,P 3,2,4
Pycnanthemum flexuosum,Ranke bergmunt,vast,?,N 1,P 0,7,9
Pycnanthemum muticum,Grootbladige bergmunt / Amerikaanse bergmunt,vast,?,N 1,P 0,7,9
Pycnanthemum pilosum,Harige bergmunt,vast,?,N 1,P 0,7,9
Pycnanthemum tenuifolium,Bergmunt,vast,?,N 1,P 0,7,9
Pyracantha coccinea,Vuurdoorn,struik/klimplant,?,N 5,P 5,5,6
Pyrus calleryana,Sierpeer,boom,?,N 3,P 3,4,5
Pyrus communis,Peer,boom,?,N 5,P 5,4,5
Pyrus salicifolia,Wilgpeer (var. Pendula: Treurpeer),boom,?,N 3,P 3,4,5
Pyrus ussuriensis,Chinese peer,boom,?,N 3,P 3,4,5
Quercus petraea,Wintereik,boom,?,honingdauw,P 0,5,5
Quercus robur,Zomereik,boom,?,honingdauw,P 0,5,5
Ranunculus acris,Scherpe boterbloem,vast,Geel,N 1,P 1,4,10
Ranunculus bulbosus,Knolboterbloem,vast,geel,N 0,P 1,4,6
Ranunculus ficaria,Speenkruid,vast,geel,N 2,P 2,3,5
Ranunculus repens,Kruipende boterbloem,vast,geel,N 0,P 2,5,7
Raphanus raphanistrum,Knopherik,1-jarig,Geel,N 5,P 5,6,8
Raphanus sativus,Radijs / Bladramanus,1-jarig,geel,N 5,P 5,5,6
Reseda alba,Witte reseda,2-jarig,?,N 5,P 5,6,10
Reseda lutea,Wilde reseda,vast,?,N 5,P 5,5,9
Reseda luteola,Wouw,2-jarig,?,N 5,P 5,6,9
Reseda odorata,Welriekende reseda / Tuinreseda,1-jarig,?,N 5,P 5,7,10
Rhamnus cathartica,Wegedoorn,struik,?,N 5,P 5,5,6
Rhamnus frangula,Vuilboom / Sporkehout,struik,?,N 5,P 5,5,9
Rhodiola wallichiana,Rozenrood,vast,?,N 1,P 0,6,7
Rhododendron catawbiense,Rhododendron,struik,?,N 1,P 1,5,6
Rhododendron fastigiatum,Rhododendron,struik,?,N 4,P 4,4,5
Rhododendron micranthum,Kleinbloemige rhododendron,struik,?,N 1,P 1,5,5
Rhododendron ponticum,Pontische rhododendron,struik,?,N 1,P 1,5,6
Rhus typhina,Azijnboom / Fluweelboom,struik,?,N 5,P 5,6,7
Ribes alpinum,Alpenbes,struik,?,N 3,P 3,4,5
Ribes aureum / Ribes odoratum,Gele ribes,struik,?,N 3,P 3,4,5
Ribes nigrum,Zwarte bes,struik,Grijsachtig groen,N 5,P 5,4,5
Ribes rubrum,Aalbes,struik,Grijsachtig groen,N 5,P 5,4,5
Ribes sanguineum,Rode bes,struik,?,N 3,P 3,4,5
Ribes uva-crispa,Kruisbes,struik,Grijsachtig groen,N 5,P 5,4,4
Richardia scabra,Mexicaanse klaver,1-jarig,?,N 1,P 0,6,9
Ricinus communis,Wonderboom / Christuspalm,vast/1-jarig,?,N 1,P 1,7,8
Robinia hispida (incl. ssp. fertilis),Ruwe acacia / Rode regen,struik,?,N 4,P 4,5,6
Robinia luxurians,Robinia,struik,?,N 4,P 4,6,7
Robinia pseudoacacia,Robinia / Valse acacia,boom,?,N 5,P 5,6,7
Rodgersia aesculifolia,Schout-bij-nacht,vast,?,N 1,P 1,6,7
Rodgersia podophylla,Schout-bij-nacht,vast,?,N 1,P 1,6,7
Rorippa amphibia,Gele waterkers,vast,?,N 3,P 3,5,6
Rorippa austriaca,Oostenrijkse (water)kers,vast,?,N 1,P 1,6,8
Rorippa microphylla,Slanke waterkers,vast,?,N 1,P 1,5,9
Rorippa sylvestris,Akkerkers,vast,?,N 1,P 1,6,9
Rosa arvensis,Bosroos,struik,lichtgeel,N 0,P 5,6,7
Rosa 'Bobby James' Ramblertype,-,klimplant,lichtgeel,N 0,P 5,6,6
Rosa canina,Hondsroos,struik,lichtgeel,N 0,P 5,6,7
Rosa corymbifera,Heggenroos,struik,lichtgeel,N 0,P 5,6,6
Rosa filipes cv. Kiftsgate Ramblertype,-,klimplant,lichtgeel,N 0,P 5,6,7
Rosa gallica,Franse roos,struik,lichtgeel,N 0,P 5,5,6
Rosa glauca,Bergroos,struik,lichtgeel,N 0,P 5,6,7
Rosa majalis,Kaneelroos,struik,lichtgeel,N 1,P 1,6,7
Rosa moyesii,-,struik,lichtgeel,N 0,P 5,6,6
Rosa multibracteata,-,struik,lichtgeel,N 0,P 5,6,6
Rosa multiflora,Veelbloemige roos,struik,lichtgeel,N 0,P 5,6,8
Rosa pimpinellifolia,Duinroos,struik,lichtgeel,N 0,P 5,5,6
Rosa polyantha,-,struik,lichtgeel,N 0,P 3,6,9
Rosa rubiginosa,Egelantier,struik,lichtgeel,N 0,P 5,6,8
Rosa rugosa,Rimpelroos / Japanse bottelroos,struik,lichtgeel,N 5,P 5,6,10
Rosa sericea,-,struik,lichtgeel,N 0,P 5,5,5
Rosa tomentosa,Viltroos,struik,lichtgeel,N 0,P 5,6,7
Rosa villosa,Bottelroos,struik,lichtgeel,N 0,P 5,6,7
Rosmarinus officinalis,Rozemarijn,struik,?,N 1,P 0,4,6
Rubus caesius,Dauwbraam,struik,Wit,N 4,P 4,5,8
Rubus fruticosus,Gewone braam,struik,Wit-geelachtig,N 5,P 5,5,8
Rubus idaeus,Framboos (zomer),struik,Wit/grijswit,N 5,P 5,5,7
Rubus idaeus,Framboos (herfst),struik,Wit/grijswit,N 5,P 5,8,10
Rubus laciniatus,Braam,struik,Wit,N 5,P 5,5,6
Rubus odoratus,Welriekende braam,struik,?,N 1,P 1,6,8
Rubus phoeniculasius,Japanse wijnbes,struik,?,N 1,P 0,6,7
Rubus spectabilis,Prachtframboos,struik,?,N 5,P 5,3,5
Rudbeckia fulgida,Rudbeckia / Gele zonnehoed,vast,geel/oranjegeel,N 1,P 0,7,10
Rudbeckia hirta,Ruige rudbeckia,vast,geel/oranjegeel,N 5,P 0,7,9
Rudbeckia laciniata,Slipbladige rudbeckia,vast,geel/oranjegeel,N 3,P 3,7,10
Rudbeckia nitida,Rudbecia nitida,vast,geel/oranjegeel,N 3,P 3,7,9
Rudbeckia triloba,Rudbeckia triloba,vast,?,N 2,P 0,7,9
Ruta graveolens,Wijnruit,halfheester,?,N 3,P 3,7,8
Sagina nodosa,Sierlijke vetmuur,vast,?,N 1,P 0,7,9
Sagina subulata,Priemvetmuur,vast,?,N 3,P 0,6,8
Salix alba,Schietwilg,boom,geel,N 5,P 5,4,5
Salix aurita,Geoorde wilg,struik,geel,N 5,P 5,4,5
Salix babylonica,Chinese treurwilg / Krulwilg / Kronkelwilg,boom,geel,N 5,P 5,4,5
Salix caprea,Boswilg,boom,geel,N 5,P 5,3,4
Salix cinerea,Grauwe wilg,struik,geel,N 5,P 5,3,4
Salix daphnoides,Berijpte wilg,boom/struik,geel,N 5,P 5,3,4
Salix dasyclados,Duitse lot,boom,geel,N 5,P 5,3,4
Salix fragilis,Kraakwilg,boom,geel,N 5,P 5,4,5
Salix gracilistyla,-,struik,geel,N 5,P 5,3,4
Salix gracilistyla var. melanostachys,Zwarte katjes wilg,struik,geel,N 5,P 5,3,4
Salix pentandra,Laurierwilg,struik/boom,geel,N 5,P 5,5,6
Salix purpurea,Bittere wilg,struik,geel,N 5,P 5,4,4
Salix repens,Kruipwilg,struik,geel,N 5,P 5,4,5
Salix sachalinensis,Bandwilg,boom,geel,N 5,P 5,3,4
Salix triandra,Amandelwilg,struik,geel,N 5,P 5,4,5
Salix viminalis,Katwilg,struik,geel,N 5,P 5,3,4
Salvia argentea,Zilversalie,2-jarig,?,N 1,P 0,6,7
Salvia farinacea,Meelsalie,1-jarig,?,N 1,P 1,6,9
Salvia glutinosa,Kleverige salie,vast,Geel,N 1,P 1,7,9
Salvia horminum,Bonte salie,1-jarig,?,N 3,P 3,6,8
Salvia nemorosa,Bossalie,vast,?,N 3,P 0,6,9
Salvia officinalis,Echte salie,vast,?,N 1,P 1,6,7
Salvia pratensis,Veldsalie,vast,?,N 1,P 1,5,7
Salvia splendens,Vuursalie,1-jarig,?,N 1,P 0,6,10
Salvia uliginosa,Moeras salie,vast,?,N 1,P 0,8,9
Salvia verticillata,Kranssalie,vast,?,N 1,P 1,6,9
Sambucus nigra,Gewone vlier,struik,?,N 0,P 1,6,7
Sanguisorba canadensis,Pimpernel,vast,?,N 4,P 4,7,8
Sanguisorba minor,Kleine pimpernel,vast,?,N 3,P 3,5,7
Sanguisorba officinalis,Grote pimpernel,vast,?,N 3,P 3,6,9
Sanguisorba tenuifolia,Pimpernel,vast,?,N 3,P 3,7,8
Sanvitalia procumbens,Kruipende zinnia,1-jarig,?,N 1,P 1,6,7
Saponaria officinalis,Zeepkruid,vast,?,N 1,P 0,7,9
"Sarcococca hookeriana (var. hookeriana, humilis, digyna)",vleesbes,struik,?,N 5,P 5,1,3
Sarcococca confusa,vleesbes,struik,?,N 5,P 5,2,4
Satureja hortensis,Bonenkruid,1-jarig,?,N 1,P 0,7,9
Satureja montana,Winterbonenkruid / Steentijm / Bergsteentijm,vast,?,N 1,P 0,7,8
Saxifraga granulata,Knolsteenbreek,vast,?,N 1,P 1,5,6
Saxifraga rotundifolia,Rondbladige steenbreek,vast,?,N 3,P 3,5,9
Saxifraga umbrosa,Schildersverdriet,vast,?,N 3,P 3,6,6
Satureja montana,Winterbonenkruid / Steentijm,vast,?,N 1,P 0,7,8
Scabiosa caucasica,Schurftkruid,vast,?,N 1,P 0,6,9
Scabiosa columbaria,Duifkruid,vast,Witachtig,N 3,P 3,7,9
Scabiosa ochroleuca,Geel duifkruid,vast,?,N 3,P 3,7,9
Scaevola aemula,Waaierbloem,vast,?,N 1,P 0,7,9
Schinus molle,Callifornische peper,kuipplant,?,N 1,P 0,5,8
Scilla bifolia,Vroege sterhyacint,bol,blauw,N 3,P 3,3,4
Scilla (of Hyacinthoides) hispanica,Wilde hyacint,bol,blauw,N 3,P 3,4,5
Scilla (of Hyacinthoides) non-scripta,Wilde hyacint,bol,blauw,N 3,P 3,4,5
Scilla siberica,Oosterse sterhyacint,bol,?,N 3,P 3,3,4
Scilla (of Chionodoxa) siehei,Grote sneeuwroem,bol,?,N 3,P 3,3,4
Scrophularia auriculata,Geoord helmkruid,vast,?,N 1,P 0,6,9
Scrophularia nodosa,Knopig helmkruid,vast,?,N 1,P 0,6,9
Scrophularia umbrosa,Gevleugeld helmkruid,vast,?,N 1,P 0,7,9
Scrophularia vernalis,Voorjaarshelmkruid,2-jarig,?,N 1,P 1,4,6
Securigera varia / Coronilla varia,Bont kroonkruid / Kroonwikke,vast,?,N 1,P 1,6,9
Sedum acre,Muurpeper,vast,?,N 3,P 3,6,7
Sedum aizoon,Sedum,vast,?,N 5,P 0,6,7
Sedum album,Wit vetkruid,vast,?,N 3,P 3,6,7
Sedum kamtschaticum / Sedum middendorffianum,Kamtsjatka-muurpeper,vast,geel,N 3,P 3,6,9
Sedum reflexum,Tripmadam,vast,Geel,N 3,P 3,6,7
Sedum sexangulare,Zacht vetkruid,vast,?,N 3,P 3,6,7
Sedum spathulifolium,Sedum,vast,?,N 3,P 3,6,7
Sedum spectabile,Roze hemelsleutel / Roze vetkruid / Herfstfreude,vast,?,N 4,P 0,8,9
Sedum telephium,Hemelsleutel,vast,?,N 5,P 0,7,9
Sempervivum tectorum,Donderblad / Huislook,vast,?,N 1,P 1,7,8
Senecio aquaticus,Waterkruiskruid,2-jarig,geelachtig,N 1,P 1,6,8
Senecio cineraria,Wit askruid,vast,Geel/geelachtig,N 1,P 1,7,8
Senecio erucifolius,Viltig kruiskruid,vast,Geel/geelachtig,N 3,P 3,8,9
Senecio fluviatilis,Rivierkruiskruid,vast,Geel/geelachtig,N 1,P 1,8,9
Senecio inaequidens,Bezemkruiskruid,vast,Geel/geelachtig,N 3,P 3,6,12
Senecio jacobaea,Jacobskruiskruid,2-jarig,Geel/geelachtig,N 3,P 3,6,10
Senecio ovatus,Schaduwkruiskruid,vast,Geel/geelachtig,N 1,P 1,7,9
Senecio paludosus,Moeraskruiskruid,vast,Geel/geelachtig,N 3,P 3,6,8
Senecio squalidus,Glanzend kruiskruid,1-jarig,Geel/geelachtig,N 1,P 1,5,9
Senecio vulgaris,Klein kruiskruid,1-jarig,Geel/geelachtig,N 1,P 1,1,12
Serrulata tinctoria,Zaagblad,vast,?,N 3-5,P 3-5,7,10
Sida hermaphrodita,Virginische malva,vast,?,N 4,P 0,7,9
Sidalcea malviflora,Wilde stokroos / Griekse malva,vast,?,N 3,P 3,6,8
Silphium perfoliatum,Zonnekroon,vast,Oranjegeel,N 3,P 3,7,9
Silybum marianum,Mariadistel,1-2-jarig,?,N 3,P 3,7,8
Sinapis alba,Gele mosterd,1-jarig,Geel,N 5,P 5,5,7
Sinapis arvensis,Herik,1-jarig,Geel,N 5,P 5,5,9
Sisymbrium officinale,Gewone raket,1-jarig,?,N 1,P 1,5,9
Skimmia japonica,Skimmia,struik,?,N 5,P 5,5,6
Skimmia reevesiana,Skimmia,struik,?,N 5,P 5,5,6
Solanum dulcamara,Bitterzoet,vast/klim,?,N 5,P 5,6,9
Solanum nigrum ssp. nigrum,Zwarte nachtschade,1-jarig,?,N 1,P 1,6,9
Solidago caesia,Guldenroede,vast,geel,N 1,P 1,8,10
Solidago canadensis,Canadese guldenroede,vast,geel,N 1,P 1,8,9
Solidago flexicaulis,Guldenroede,vast,geel,N 1,P 1,7,10
Solidago gigantea,Late guldenroede,vast,geel,N 2,P 2,7,9
Solidago graminifolia,Grasbladige guldenroede,vast,geel,N 4,P 4,7,9
Solidago nemoralis,Grijze guldenroede,vast,geel,N 4,P 4,8,9
Solidago rigida (Oligoneuron rigidus),Stijve guldenroede,vast,geel,N 1,P 1,7,9
Solidago speciosa,Guldenroede,vast,geel,N 4,P 4,7,9
Solidago virga aurea,Echte guldenroede,vast,geel,N 3,P 3,7,9
Sonchus arvensis,Akkermelkdistel,vast,?,N 3,P 3,6,9
Sonchus asper,Gekroesde melkdistel,1-jarig,?,N 0,P 3,6,10
Sonchus oleraceus,Gewone melkdistel,1-jarig,?,N 0,P 3,6,10
Sonchus palustris,Moerasmelkdistel,vast,?,N 0,P 3,7,9
Sophora japonica,Honingboom / Snoerboom,boom,?,N 5,P 5,7,8
Sorbaria sorbifolia,Lijsterbesspirea,struik,?,N 3,P 3,6,7
Sorbaria tomentosa,Lijsterbesspirea,struik,?,N 1,P 1,7,8
Sorbus aria,Meelbes,boom,witachtig,N 3,P 3,5,6
Sorbus aucuparia,Wilde lijsterbes,boom/struik,witachtig,N 3,P 3,5,6
Sorbus x thuringiaca,Gedeelde meelbes,boom,witachtig,N 3,P 3,5,6
Spergula arvensis,Gewone spurrie,1-jarig,?,N 1,P 1,6,9
Sphaeralcea fendleri,Kogelmalva,halfheester,?,N 1,P 0,7,9
Sphaeralcea munroana,Kogelmalva,vast,?,N 1,P 0,7,9
Spilanthes oleracea,Huzarenknoop,1-jarig,?,N 4,P 0,6,9
Spiraea canescens,Spirea,struik,witgeel,N 1,P 1,7,9
Spiraea douglasii,Douglasspirea,struik,?,N 1,P 1,7,9
Spiraea japonica,Spiraea,struik,grijsviolet,N 3,P 3,6,9
Spiraea salicifolia,Theeboompje,struik,?,N 1,P 1,6,8
Spiraea x vanhouttei,Spirea,struik,?,N 1,P 1,4,5
Stachys arvensis,Akkerandoorn,1-jarig,?,N 1,P 1,7,10
Stachys bysantina,Ezelsoor,vast,?,N 1,P 1,6,8
Stachys officinalis,Betonie,vast,?,N 1,P 1,6,8
Stachys palustris,Moerasandoorn,vast,?,N 3,P 0,7,8
Stachys sylvatica,Bosandoorn / Stinknetel / Bosnetel,vast,?,N 1,P 0,6,8
Staphylea pinnata,Pimpernoot,struik,?,N 1,P 1,5,6
Staphylea trifolia,Pimpernoot,struik,?,N 1,P 1,5,5
Stellaria graminea,Grasmuur,vast,?,N 1,P 1,5,8
Stellaria holostea,Grote muur,vast,?,N 1,P 1,4,6
Stellaria media,Vogelmuur,1-jarig,helgeel,N 3,P 3,1,12
Stellaria nemorum,Bosmuur,vast,?,N 1,P 1,5,7
Stephanandra incisa,Kransspirea,struik,?,N 5,P 0,6,7
Stephanandra incisa (var. Crispa),Kransspirea,dwergstruik,?,N 3,P 0,6,7
Strobilanthes atropurpurea,Acanthus,vast,?,N 2,P 0,7,9
Styphnolobium japonicum,Honingboom / Snoerboom,boom,?,N 5,P 5,7,8
Styrax japonicus,Storaxboom,boom/struik,?,N 1,P 1,6,7
Succisa pratensis,Blauwe knoop,vast,?,N 2,P 2,7,9
Sutera campanulata,Bacopa,1-jarig,?,N 1,P 0,6,9
Sutera coradata,Bacopa,1-jarig,?,N 1,P 1,7,8
Symphoricarpos albus,Sneeuwbes,struik,?,N 5,P 5,7,8
Symphoricarpos chenaultii,Sneeuwbes,struik,?,N 5,P 5,6,7
Symphoricarpos occidentalis,Sneeuwbes,struik,?,N 1,P 1,6,8
Symphoricarpos orbiculatus,Sneeuwbes,struik,?,N 5,P 5,7,9
Symphyotrichum dumosum (Aster dumosus),Bossige aster,vast,geel.geel-oranje,N 2,P 2,9,11
Symphyotrichum ericoides (Aster ericoides),Sluieraster,vast,geel.geel-oranje,N 1,P 1,8,10
Symphyotrichum laeve (Aster laevis),Gladde aster,vast,?,N 3,P 3,9,10
Symphyotrichum lateriflorum (Aster lateriflorus),Kleine aster,vast,geel.geel-oranje,N 1,P 1,9,10
Symphyotrichum novae-angliae (Aster nove-angliae),Nieuw Engelse aster,vast,geel.geel-oranje,N 2,P 2,9,11
Symphyotrichum novi-belgii (Aster novi-belgii),Nieuw-Nederlandse aster,vast,geel.geel-oranje,N 2,P 2,9,10
Symphytum officinale,Gewone smeerwortel,vast,?,N 3,P 3,4,9
Syringa vulgaris,Sering,vast,?,N 1,P 0,6,7
Tagetes erecta,Groot afrikaantje,1-jarig,?,N 3,P 3,6,9
Tagetes patula,Afrikaantje,1-jarig,?,N 3,P 0,7,10
Tagetes tenuifolia,Sterafrikaantje,1-jarig,?,N 3,P 3,6,10
Tanacetum corymbosum,Tuilmargriet,vast,?,N 1,P 1,6,7
Tanacetum parthenium,Moederkruid,1-2-jarig,?,N 1,P 1,6,9
Tanacetum vulgare,Boerenwormkruid / Reinvaren / Wormkruid / Wormzaad,vast,Oranje,N 3,P 3,7,9
Taraxacum officinale,Gewone paardenbloem,vast,Oranjegeel,N 5,P 5,3,5
Gewone paardenbloem,Gewone paardenbloem (2e bloei),vast,Oranjegeel,N 5,P 5,9,11
Taxus baccata,Taxus,boom/struik,geel,N 0,P 3,3,5
Telekia speciosa,Telekia (niet koeienoog),vast,?,N 1,P 1,6,9
Tephroseris palustris,Moerasandijvie,2-jarig,?,N 5,P 5,5,6
Tetradium daniellii,Stink es / Bijenboom,boom/heester,?,N 5,P 5,9,9
Teucrium chamaedrys,Echte gamander,vast,?,N 5,P 0,7,9
Teucrium lucidrys,Gamander,dwergstruik,?,N 5,P 0,7,9
Teucrium scorodonia,Valse salie,vast,?,N 3,P 3,7,8
Thalictrum aquilegifolium,Akeleiruit,vast,?,N 0,P 3,5,6
Thalictrum delavayi,Ruit / Chinese ruit,vast,?,N 0,P 3,6,8
Thalictrum flavum,Poelruit,vast,?,N 0,P 3,6,7
Thalictrum lucidum,-,vast,geelachtig,N 5,P 5,6,7
Thalictrum minus,Kleine ruit,vast,?,N 0,P 3,6,7
Thalictrum polygamum,-,vast,?,N 0,P 3,7,8
Thlaspi arvense,Witte krodde,1-jarig,?,N 1,P 1,5,9
Thlaspi caerulescens,Zinkboerenkers / Bosboerenkers,2-jarig,?,N 1,P 1,4,7
Thymus praecox,Kruiptijm,vast,?,N 3,P 0,6,7
Thymus pulegioides,Grote tijm,vast,?,N 3,P 3,6,9
Thymus serpyllum,Wilde tijm,vast,?,N 3,P 3,6,9
Thymus vulgare,Echte tijm,dwergstruik,?,N 3,P 0,5,6
Tilia americana,Amerikaanse linde,boom,lichtgeel/groengeel,N 5,P 5,7,8
Tilia cordata,Winterlinde,boom,lichtgeel/groengeel,N 5,P 5,6,7
Tilia platyphyllos,Zomerlinde,boom,lichtgeel/groengeel,N 5,P 5,6,7
Tilia tomentosa,Zilverlinde,boom,lichtgeel/groengeel,N 5,P 5,7,8
Tilia x europaea,Hollandse linde,boom,lichtgeel/groengeel,N 5,P 5,6,7
Trachelium caeruleum,Halskruid,vast,?,N 1,P 1,7,8
Tradescantia virginiana,Eendagsbloem / Vaderplant / mozes-in-de-biezen,vast,geel,N 0,P 3,6,10
Tragopogon pratensis s. pratensis,Gele morgenster,2-jarig,?,N 1,P 1,5,7
Tragopogon pratensis s.orientalis,Oosterse morgenster,2-jarig,?,N 1,P 1,5,7
Trifolium arvense,Hazenpootje,1-jarig,?,N 3,P 0,7,10
Trifolium campestre,Liggende klaver / Middelste klaver,1-jarig,?,N 3,P 0,5,9
Trifolium dubium,Kleine klaver,1-jarig,?,N 3,P 0,5,9
Trifolium fragiferum,Aardbeiklaver,vast,?,N 3,P 0,6,9
Trifolium incarnatum,Incarnaat klaver,1-jarig,?,N 5,P 5,5,6
Trifolium pratense,Rode klaver,vast/2-jarig,Bruinachtig,N 1,P 1,5,10
Trifolium repens,Witte klaver,vast,Bruinachtig,N 5,P 5,5,10
Tripleurospermum maritimum,Reukeloze kamille,1-2-jarig,?,N 0,P 1,6,9
Trochodendron aralioides,Wielboom / Radboom,boom,?,N 4,P 4,5,6
Trollius europaeus,Kogelbloem,vast,?,N 0,P 1,5,6
Tropaeolum majus,Oostindische kers,1-jarig,oranjegeel,N 1,P 1,7,9
Tulipa tarda,Botanische tulp,bol.knol,?,N 1,P 1,4,5
Tulipa sylvestris,Bostulp,bol,?,N 1,P 1,4,5
Tussilago farfara,Klein hoefblad,vast,oranjegeel,N 3,P 3,2,4
Ulex europaeus,Gaspeldoorn,struik,Bruinachtig,N 3,P 3,3,5
Utricularia vulgaris,Groot blaasjeskruid,waterplant,?,N 1,P 1,6,9
Vaccinium corymbosum,Blauwe bes,struik,Creme,N 5,P 5,5,7
Vaccinium myrtillus,Blauwe bosbes,dwergstruik,?,N 5,P 5,4,6
Vaccinium uliginosum,Rijsbes,struik,?,N 1,P 1,5,6
Vaccinium vitis-idaea,Rode bosbes,dwergstruik,?,N 3,P 3,5,6
Valeriana dioica,Kleine valeriaan,vast,?,N 1,P 1,4,5
Valeriana officinalis,Echte valeriaan,vast,?,N 3,P 3,6,7
Verbascum blattaria,Mottekruid,2-jarig,?,N 0,P 3,6,8
Verbascum densiflorum,Stalkaars,2-jarig,?,N 0,P 3,7,10
Verbascum lychnitis,Melige toorts,2-jarig,?,N 0,P 3,6,9
Verbascum nigrum,Zwarte toorts,vast,bruinachtig,N 0,P 3,6,9
Verbascum phlomoides,Keizerskaars,2-jarig,?,N 0,P 3,7,8
Verbascum thapsus,Koningskaars,2-jarig,?,N 0,P 3,7,9
Verbena bonariensis,IJzerhard,"vast,kortlev.",?,N 3,P 0,7,10
Verbena hastata,IJzerhard,"vast,kortlev.",?,N 3,P 0,6,9
Verbena officinalis,IJzerhard / IJzerkruid / Strooikruid,vast,bruinoranje,N 3,P 3,6,10
Verbesina alternifolia,?,vast,?,N 5,P 0,8,9
Veronica arvensis,Veldereprijs,1-jarig,?,N 1,P 0,4,9
Veronica austriaca ssp. teucrium,Brede ereprijs,vast,?,N 1,P 1,6,7
Veronica chamaedrys,Gewone ereprijs,vast,?,N 3,P 3,4,6
Veronica filiformis,Draadereprijs,vast,?,N 3,P 3,4,5
Veronica gentianoides,(Ereprijs),vast,?,N 1,P 1,5,6
Veronica hederifolia,Klimopereprijs,1-jarig,?,N 1,P 1,3,5
Veronica longifolia,Lange ereprijs,vast,oranje,N 3,P 3,7,8
Veronica officinalis,Mannetjesereprijs,vast,?,N 2,P 2,5,8
Veronica persica,Grote ereprijs,1-jarig,?,N 1,P 1,3,9
Veronica spicata,Aar-ereprijs,vast,?,N 3,P 3,7,8
Veronicastrum verginicum,Virginische ereprijs,vast,geel,N 3,P 0,7,9
Viburnum dentatum,Sneeuwbal,struik,?,N 0,P 1,5,6
Viburnum henryi,Sneeuwbal,struik,?,N 0,P 4,6,7
Viburnum lantana,Wollige sneeuwbal,struik,?,N 0,P 1,5,6
Viburnum opulus,Gelderse roos,struik,?,N 1,P 1,6,6
Viburnum tinus,Lauriersneeuwbal,struik,lichtgeel,N 3,P 3,8,4
Viburnum trilobum,Sneeuwbal,struik,?,N 1,P 0,5,6
Vicia cracca,Vogelwikke,vast,?,N 3,P 3,6,9
Vicia faba,Tuinboon,1-jarig,Groenachtig,N 3,P 3,5,6
Vicia hirsuta,Ringelwikke,1-jarig,?,N 3,P 0,5,7
Vicia sepium,Heggenwikke,vast,?,N 1,P 1,5,8
Vicia tenuifolia,Stijve wikke,vast,?,N 3,P 3,6,6
Vicia tetrasperma,Vierzadige wikke,1-jarig,?,N 1,P 0,5,8
Vicia villosa,Bonte wikke,1-jarig,?,N 3,P 3,6,8
Vincetoxicum hirundinaria,Witte engbloem,vast,?,N 3,P 0,5,8
Viola cornuta,Hoornviooltje,vast,?,N 1,P 1,5,6
Viola hirta,Ruig viooltje,vast,?,N 1,P 1,4,5
Viola odorata,Maarts viooltje,vast,?,N 1,P 1,3,5
Viola reichenbachiana,Donkersporig bosviooltje,vast,?,N 1,P 1,4,5
Viola riviniana,Bleeksporig bosviooltje,vast,?,N 1,P 1,4,5
Viola tricolor,Driekleurig viooltje,1-2-jarig,?,N 1,P 1,4,10
Viscum album,Maretak,dwergstruik,?,N 1,P 1,3,5
Vitex agnus-castus,Monnikenpeper,struik,?,N 1,P 0,9,10
Vitis vinifera,Druif,klimpl.hout,?,N 2,P 2,6,6
Waldsteinia ternata,Gele aardbei / Goudaardbei,vast,?,N 1,P 1,4,6
Weigelia florida,Weigelia,struik,?,N 3,P 3,5,7
Wisteria sinensis,Blauwe regen,klimpl.hout.,?,N 3,P 0,6,7
Xeranthemum annuum,Droogbloem,vast,?,N 2,P 2,7,10
Zea mays,Mais,1-jarig,Citroengeel,N 0,P 5,6,8
Zanthoxylum simulans,Kiespijnboom,struik,?,N 5,P 5,6,7
Zenobia pulverulenta,Zenobia,struik,?,N 4,P 4,5,6
Zinnia haageana,Zinnia,1-jarig,?,N 1,P 1,7,10